Solanaceae,RCL,Occurrences
0,CPLYC,27
0,CPQYC,22
0,CPQFC,20
0,CPLIC,7
0,CAMYC,4
0,CTLEC,3
0,CTREC,3
0,CNKIC,2
0,CPLVC,2
0,CPQIC,2
0,CHQYC,1
0,CIEIC,1
0,CIETC,1
0,CIQIC,1
0,CPDIC,1
0,CPFFC,1
0,CPLFC,1
0,CPMYC,1
0,CPRFC,1
0,CPRNC,1
0,CTFKC,1
0,CTKEC,1
0,CTQEC,1
0,CYLIC,1
0,CYLYC,1
1,CPRNC,577
1,CTLNC,113
1,CPRYC,94
1,CPLNC,55
1,CTLEC,48
1,CTREC,31
1,CTKEC,26
1,CSKEC,21
1,CPKNC,17
1,CPFNC,16
1,CPQFC,15
1,CTFEC,14
1,CTFNC,13
1,CTQEC,10
1,CTQQC,10
1,CLQVC,9
1,CTRNC,8
1,CTTEC,8
1,CPRDC,7
1,CTMEC,7
1,CLQFC,6
1,CTQHC,6
1,CPAIC,5
1,CPANC,5
1,CSRNC,5
1,CIQVC,4
1,CPKEC,4
1,CPPNC,4
1,CPRIC,4
1,CPSYC,4
1,CRRNC,4
1,CSYEC,4
1,CLQYC,3
1,CPQIC,3
1,CHLNC,2
1,CLGNC,2
1,CPFYC,2
1,CPLFC,2
1,CPLYC,2
1,CPQNC,2
1,CTIEC,2
1,CTLDC,2
1,CTPNC,2
1,CIREC,1
1,CLQKC,1
1,CSFNC,1
1,CTQDC,1
