UniprotID,Sequence,OrganismID,Organism
P05119,MAVHKEVNFVAYLLIVLGMFLYVDAKACTRECGNLGFGICPRSEGSPLNPICINCCSGYKGCNYYNSFGKFICEGESDPKRPNACTFNCDPNIAYSRCPRSQGKSLIYPTGCTTCCTGYKGCYYFGKDGKFVCEGESDEPKANMYPVM,4081,Solanum lycopersicum (Tomato) (Lycopersicon esculentum)
P84813,DICTNCCAGTKGCNTTSANGAFICEGQSDPKKPKACPLNCDPHIAYA,4113,Solanum tuberosum (Potato)
P01080,MDVHKEVNFVAYLLIVLGLLVLVSAMDVDAKACIRECGNLGFGICPRSEGSPENPICTNCCAGYKGCNYYSANGAFICEGQSDPKKPKACPLNCDPHIAYSKCPRSEGKSLIYPTGCTTCCTGYKGCYYFGKNGKFVCEGESDEPKANMYPAM,4113,Solanum tuberosum (Potato)
P83241,KACPRNCDTDIAYMVCPSSGERIIRKVCTNCCAAQKGCKLFRSNGSIKCTGT,4072,Capsicum annuum (Capsicum pepper)
P01078,QICTNCCAGRKGCSYFSEDGTFICKGESNPENPKACPRNCDGRIAYGICPLS,4111,Solanum melongena (Eggplant) (Aubergine)
Q41435,MAVHKEVSFVAYLLIVLGMFLYVDALGCTKECGNLGFGICPRSEGSPTNPICINCCSGYKGCNYYSAFGDLICQGESDPKNPKACPLNCDTNIAYSRCPRSEGKSLIYPTGCTTCCTGYKGCYYFGTNGKFVCEGESDEPKPYMSTA,4113,Solanum tuberosum (Potato)
P56615,RICTNCCAGRKGCNYYSADGTFICEGESDPNNPKACPRYCDTRIAYSKCPRSEGN,4072,Capsicum annuum (Capsicum pepper)
Q43710,MAIYKVALLLLFGMILLASDFEHAKACTKECDTRIDFGICPLLETKRVEGLCTNCCAGKKGCKYFSKDGTYICDGESEWVSEKNNNLKKACTKECDTRIDFGICPLLETKRVEGLCTNCCAGKKGCKYFSKDGTYICDGESEWVSEKDNNLEKDCTKECDTRIDFGICPLLETKRVKGLCTNCCAGKKGCKYFSADGTYICDGESEWVSEGENDLQKSNVAIS,4081,Solanum lycopersicum (Tomato) (Lycopersicon esculentum)
Q43502,MAVYKVSFLAHLLVLGMYLLVSTVEHANACTKECGNLGYGICPGSEGSPENPICTNCCSGYKGCNYYYANGTFICEGTSDPKNPNICPSYCDPQIAYSKCPRSEGKTIIYPTGCTTCCTGYKGCYYFGQDGEFVCEGESIEPKGCTKECDPRVAYMTCPSSGLAKLNQVCVNCCSAGEGCKLYDNDGSLLCTGEPQSISTA,4081,Solanum lycopersicum (Tomato) (Lycopersicon esculentum)
Q40561,MAVHKVSFVAHLLVLGMFLLLVDAKACTKECGNFAYGICPRSQGTPDDPICTTCCAGYKGCNYYSANGTFICEGSSDPKNPNVCPQFCDPDIAYSKCPRSEGETIINPTGCTTCCTGYKGCYYFGQDGEFVCEGESDEPKSCTTECDPRVATISCPFSGLVKINQECINCCNADKGCELYDNDGSLICTGGEPQSAA,4097,Nicotiana tabacum (Common tobacco)
Q43652,MDVHKEVNFVAYLLIVLGIFLLVSVVEHVDAKICTKECGNLGFGICPRSEGSPKNPICINCCSGYKGCNYYSVFGRFICEGESDLKNPKACPLNCDTNIAYSRCPHSEGKSLIYPTGCTTCCTGYKGCYYFGKNGKFVCEGESDEPKANMYPAM,4113,Solanum tuberosum (Potato)
A0A4S4ET36,MRVISQRFSCLSMESSEIEVIHQSDFEVHLSDLDQSQRFRSRNRNLDLSSYHFGFDSDRDSDLNDSDRSISAIQIGDSSERFRSSLSKWKSKLISAIQIEDDIVRSLRTSPINPSKDRTSIEDFEIIKPISRRAFGRVFLARKRATGDLFAIKNMLEKLRNRRLVFVGDSIGRNQWESLLCMLSSAAPDKTSIFEVNGSPITKHTGFLAFKFRDFNCTVQYYKAPFLVVQGRAPARALEKVKTTKLLIQERQHRSCCCFVYTDMGYGFMKIYMMKYMIVKMPLYGPSEYSFVLPLCLVVHVVKSDSRLANNDLPVDIQRLRCRALHYALHFSPSIDNLGKKLVERLRSRGGRYIALHLRYEKDMLSSTSCTHGLTDAESEELRIMSCTYSGEASEEFDRDDHHDGYEVATCRIYVWDTVGQERFRAVTSAYYKGVVGALVVYYITRRTTFDSIKQWLDELKTAKIGEGIPLDHGTGVVVGETAVIGNRVSLMQLGFSISLFGAALCCYIVVCLPLLSIVVAAAPYCLAATAAVLLYAVLPCFGFLLPELASAKVCPLICKAADYMTCDSTGEERLSAPCNCCLAGKGCTIYYSDGTSAIC,542762,Camellia sinensis var. sinensis
Q41488,MAVHKEVNFVAYLLIVLGLLVLVSAMEHVDAKACTLECGNLGFGICPRSEGSPENRICTNCCAGYKGCNYYSANGAFICEGESDPKKPKACPRNCDPHIAYSKCPRSEGKSLIYPTGCTTCCTGYKGCYYFGKNGKFVCEGESDEPKANMYPAM,4113,Solanum tuberosum (Potato)
Q00782,MAIHKEVSFLAYLLVLGMLLFVSAMEHVDAKACTLECGNLGYGICPRSEGSPENPICTNCCAGYKGCNYYSANGTFICEGQSHPKNPKACPRNCDPHIAYSKCPRSGGKTLIYPTGCTTCCTGYTDCYYFGKDGKFVCEGESIEPKACTLECDSRLHT,4113,Solanum tuberosum (Potato)
Q41489,MAVHKEVSFVAYLLIVLGMFLYVDALGCTKECGNLGFGICPRSEGSPTNPICINCCSGYKGCNYYSAFGRFICEGESDPKNPKACPLNCDTNIAYSRCPRSEGKSLIYPTGCTTCCTGYKGCYYFGTNGKFVCEGESDEPKPYMSTA,4113,Solanum tuberosum (Potato)
O49146,MAVPKEVSFLASLLVLGILLLHVDAKACSQRNAKEPICTNCCAGRKGCNYYSADGTFICEGESDPNNPKPCTLNCDPRIFYSKCPRSEGNAENRICTNCCAGRKGCNYYSADGTFICEGESDPNNPKPCTLNCDPRIFYSKCPRSEASAEQPICTNCCAGLKGCNYYNADGTFICEGESDPNHPKACPKNCDPNIAYSLCLYEK,4072,Capsicum annuum (Capsicum pepper)
P01079,RICTNCCAGYKGCNYYSANGAFICEGESDPKNPNVCPRNCDTNIAYSKCLR,4113,Solanum tuberosum (Potato)
A0A166GCC0,MAKSSKSSSKPPIVQLNDLEFDSNSYSLEKFTLYETRARFYLIGSDRKKRYFRVLKIDRMEASELNISEDPVVYSSKEINSLLQRIDEGNRATGGLSVVAKVYGIAGCIKFLEPYYLILVTKRRQIGCICGHAVYSIDESQIISIPHVSVQTEAAYSKTELRYKKLLSCVDLTRDFFYSYTYPIMQSLQKNVISISEERMPYENIFVWNAFLTEPIRSRCNNTIWTLALVHGNFKQTRLSVFGRDFSVTLVARRSRHFAGTRYLKRGVNDRGRVANDVETEQIILDEEAGSCKGKMSSVVQMRGSIPLFWSQEASRFSPKPDIILQRYDPTYEATKMHFEDLAERYGNPIIVLNLIKTVEKRPREMMLRREFTTAVGYLNQILPEEKQLKFIHWDFNKFAKSKSANVLAVLGGVASEALDLTGFYYSGKPSAIKRKSSQISRTSITRDASLRDLRANSGDLARIGSNIDTLNSALMQNRDCTGPQHSSNNNYGNAAPRFQSGVLRTNCIDCLDRTNVAQYAYGLAALGRQLHAMSLTDEPKVDADSSIAAALMEMYQSMGDALAQQYAGSAAQNTVFPERQGKWKATTQSKELLKSIQRYYSNTYTDGEKQDAINLFLGYFKPQDSRPTIWDLDSDYYLHVTGIEDNFTPEKRSHSNSRSVAVLSPVPAWREDFSRIKLTSFDKLLQQTCSSIKNVRLWAEPAQRTGNSGMAPDAAEIQLKTPNWLFGQRKLDKSSSPRKVVSNECADEESKIESRVEYLLDIDWPSYIGNTNEEEVSQRYLSMTSVDEANGWYGGTLIGDQDENSEIYKHYAELCQGPAMEPFQLDTETEKLYADFLQAGTFDGSNDASVEKEMEEALKEFNRISADLGIIPSSCMLLEAGGVAKACYLYCLQVDYMTCPSSGEEKLEPKCNCCLAPKGCTLHLSGGSSMLCSKT,79200,Daucus carota subsp. sativus (Carrot)
A0A4U5Q9H5,MGGARLAASAVVLLVLGVVFLGAGGGSLIAKACPLYCLDVDYMTCESSGDKKLNSACNCCLAPKNCTLHLADGRMIAGLTSVFASQSRTQAIHVRSQLLKIQPTTAFVKVVSQHFEEKGVLLDLAKLSVSYMDLLFPCFLHLSILCISLSLIVLLHKRKFWNTKFPPGKTGWPIIGETWDFMMASRCGTPEKFINDRVGKYSPEVFQTSLLGHNMAVFCGSGGNKFLYSSENKSVTGWLPNPIMKVLFSPEHASNSYKEESAKLRKFLPELLKPEPLQQYIPVMDSMAKDHLKADWFPYKQVKVFPLSKTYTFSLACRLFMNIKDPEHVSRLQNHFNLVTKGILSLPLNFPGTAYNRAIKGGNMIREEIVGIMKERRELISESNGPEFIDILTRMLLVTDENAMDDMEIADRVVGLLFGSHDTTSASISMAMYYLADNPHVYTKVLKGSSP,43335,Populus alba (White poplar)
A0A4P1QQM0,MKHFSSKAMSLLLIMIALMAQVESTPCTSTFFSALVQLIPCRSAVAPFSPIPPTDSCCNALKALGQPCLCVLVNGPPIAGVDRSMASQLPDKCTTDFEPCGMIMGGDMKIVEGKICPQICYEAAYMTCPSTGDEHLSPACSCCIASTGCTLYNSDGTPICTAS,3871,Lupinus angustifolius (Narrow-leaved blue lupine)
Q9C7G9,MVTYKIWVMSFIIAGAILGGIIPGVTTTKTAIACPLYCLQVEYMTCPSSGADKLPPRCNCCLAPKNCTLHLSDSTTIHCSK,3702,Arabidopsis thaliana (Mouse-ear cress)
A0A1S3YTB5,MKGVGIGAVLISETGHHYPVTTQLRFYCTNNMAEYEACILGPRLAVDMGIQEVLVLGDSYLLLKRITSSNQRIQRKMAFYKASILSLLLLSGIFLLGIGEVKYVNAKSCLQFCDNEVAYMTCPSSGDEQISPVCVNCCTADEGCKLFRTDGSLICTGTQD,4097,Nicotiana tabacum (Common tobacco)
A0A6N2M3G1,MSSTTTNTSPTTNSTAINSNSKNGSNQDPGSYFIDVARQYSSPIGPETELEPKELNTLNSSGGFIVVSTDKLSIKYPGVNLHGHDVGVIQADKPVPEKRLVYYFEIFVKNAGAKGQIAIGFTNQSFKMRRQPGWETNSCGYHGDDGNLYTGHGKGDAFGPTFTTNDTVGAGINYASQEFFFTKNGAVVGAVYKDKDMKGPLFPTVAVHSQNEEQEAMKQISAVDKISLPPNISYRLVRSYLLHYGYEATLNAFDVASKNTIPPIYIAQENGSGEQDIAYALTHRKTLRQLIRNGEIDAALSNLRDWYPQIMQDEKSAACFLLHCQNFIELVRDCVALLAYEQPQKCSAGYLLEDSQREIVADAVNAMILSTDPNVKDSQSCLRSHLESLLRQLTVCCLERRSLNGDQGEVFHLHRRLTLHSSDSGRNMTGARPTANAMVLLLLVLLGAIGGDSIAKACPLYCLDVDYMTCKSSGDKKLDSACNCCLAPQNCTLHLADGRRKSRNTKLPQGKTGWPVIGETWDFMMAARCGTPEKFINDRVRKYSPEVFQTSLLGHNMAVFCGSGGNKFLFSSENKSVTGWLPHPLLKILFSPERVINSFKEESAKLRKFLPELLKPEPLQHFIPVMDSMAKDHLKADWFPYKQVKVFPLSKTYTFALACRLFMRIKDPEHVSRLQNHFNLVTKGILSIPLNFPCTAYNRAINGGNMIRAEILAIMEDRRRELIISESKEPEFIDILTRMLLVRDENGNPMDDMEIVDRVVGLLFGSHDTTSASISMVMYYLADNPHVYMKVLKEQVEIQKLKAPGEFLTWNDTQKMKYTWCVVCEVMRLSPPAHGGFREAIADFSYADFTIPKGWKVLWSVHSTHKNPKYFRDPERFDPSRFERNGIEPYSFVPFGGGPRMCPGKEYARLAILVFMHNVVTQFRWEKVIQDEKIITS,40686,Salix viminalis (Common osier) (Basket willow)
A0A6N2LRF0,MSSTTTNTSPTTNSTAINSNSKNGSNQDPGSYFIDVARQYSSPIGPETELEPKELNTLNSSGGFIVVSTDKLSIKYPGVNLHGHDVGVIQADKPVPEKRLVYYFEIFVKNAGAKGQIAIGFTNQSFKMRRQPGWETNSCGYHGDDGNLYTGHGKGDAFGPTFTTNDTVGAGINYASQEFFFTKNGAVVGAVYKDKDMKGPLFPTVAVHSQNEEYVAHLLQLVAIFNYYSETVCLSIPVLDLNYADMVDYPVATMEYERQEAMKQISAVDKISLPPNISYRLVRSYLLHYGYEATLNAFDVASKNTIPPIYIAQENGSGEQDIAYALTHRKTLRQLIRNGEIDAALSNLRDWYPQIMQDEKSAACFLLHCQNFIELVRDCVALLAYEQPQKCSAGYLLEDSQREIVADAVNAMILSTDPNVKDSQSCLRSHLESLLRQLTVCCLERRSLNGDQGEVFHLHRRLTLHSSDSGRNMTGARPTANAMVLLLLVLLGAIGGDSIAKACPLYCLDVDYMTCKSSGDKKLDSACNCCLAPQNCTLHLADGRRKSRNTKLPQGKTGWPVIGETWDFMMAARCGTPEKFINDRVRKYSPEVFQTSLLGHNMAVFCGSGGNKFLFSSENKSVTGWLPHPLLKILFSPERVINSFKEESAKLRKFLPELLKPEPLQHFIPVMDSMAKDHLKADWFPYKQVKVFPLSKTYTFALACRLFMRIKDPEHVSRLQNHFNLVTKGILSIPLNFPCTAYNRAINGGNMIRAEILAIMEDRRRELIISESKEPEFIDILTRMLLVRDENGNPMDDMEIVDRVVGLLFGSHDTTSASISMVMYYLADNPHVYMKVLKEQVEIQKLKAPGEFLTWNDTQKMKYTWCVVCEVMRLSPPAHGGFREAIADFSYADFTIPKGWKVLWSVHSTHKNPKYFRDPERFDPSRFERNGIEPYSFVPFGGGPRMCPGKEYARLAILVFMHNVVTQFRWEKVIQDEKIITS,40686,Salix viminalis (Common osier) (Basket willow)
A0A3Q7IU74,MVGFSWITSPAATELEMIALDWLGKALKLPDRFISTGEENTFPYSTKQIKVTLENMAIHKVALLLLLGIILLVSNVEHTNAKARTEQCDPRIAFGICPHLQTKRINQICINCCAGKKGCNYFSADGTFICEGESEYVSEVNDNLEKHCPRNCDPRIAYVICPRSEISNKIDLNGICTNCCAGKKRCNYFSADGTFICEGESKFVSEADNNHGKPCPRIAYVICPRSEISNEIDLNGICTNCCAGKKGCNYFSANGTFICEGESKFVSEADNNHGKPCPRNCDPRIAYAICPHSKISNKIDLSGICTNCCAGKKGCYYFSVDGTFICEGESDYVSKIKNDVGKACPFNCDPRITYGICPHSKISNKIDLNGICTNCCTGKKGCNYFSADGTSNCEGEFEYVSAGKNDLQKSKIFVS,4081,Solanum lycopersicum (Tomato) (Lycopersicon esculentum)
A3FMA3,MAASKFYVASCALLLIGVVLLGQQGIDGAVACPQFCLDVDYVTCPSSGSEKLPARCNCCMTPKGCTLHLSDGTQQTCS,4577,Zea mays (Maize)
A0A199W8X6,MGRTRLSMAPFLVLSGIILLVGLFQSSAKAVACPQYCLDVSYVTCTSSGEERLPARCNCCLAGKGCTLHLSDGSQMTCS,4615,Ananas comosus (Pineapple) (Ananas ananas)
Q6H3X6,MAVHKEVNFVAYLLIVLGMFLYVDAKACTRECGNLGFGICPRSEGSPLNPICINCCSGYKGCNYYNSFGKFICEGESDPKRPNACTFNCDPNIAYSRCPRSQGKSLIYPTGCTTCCTGYKGCYYFGKDGKFVCEGESDEPKANMYPVM,4081,Solanum lycopersicum (Tomato) (Lycopersicon esculentum)
A0A314Y0L5,MAADKNIGAMVLLLVCGSILLLAINPTEAKVCNKICYGAAAYMTCPSSGNTQLDPVCNCCLAPALGCTLYESDGTPICTST,2094558,Prunus yedoensis var. nudiflora
W5ADU4,MATSRLHIACALLLAGVVLLGQNQEGMEAVACPQYCLEVDYITCPSSGSQKLPARCNCCMAPKGCTLHLSDGINQTCS,4565,Triticum aestivum (Wheat)
A0A398AAP9,MATYKIWLMSLMITGAILADVIPGVTITKTAIACPLYCLEVEYMTCPSSGDEKLPPRCNCCLAPKDCTLHLSGSTSIHCTK,3711,Brassica campestris (Field mustard)
E9JGS8,AVHKVSFLACLLVLGWMFLLAKHVDAKACTRECGHFSYGICPRSEGSPEKPICTNCCSGYKGCNYYSAKGDLICEGESDPRNPNDCTFECDTQIAYSKCPRSEGKMIIKPTGCTTCCTGYQGCYYFDQDGDFVCEGESPEPKTTAYY,4112,Solanum nigrum (Black nightshade)
A0A6A4NEK3,MGLNKVGFILLVIVYGGIISGGNMKMVEGDKICPQICYEAAYMTCPSTGDDHLSPACNCCIASTGCTLYNSDGTPICTASSSSNI,3870,Lupinus albus (White lupine) (Lupinus termis)
A0A6A4MYI2,MRCKIHHDCNKSMAFNKVGFILFVILSGAIMIGGNMKSVDGKICPLICYDAAYMTCPSTSDEHLTPLCNCCLASTGCKLYNADGTLICTAQ,3870,Lupinus albus (White lupine) (Lupinus termis)
A0A0Q3GR06,MECLAGEYMTCPSTGCDKLAPACNCCVASEERCTIYLKNGEVKKCT,15368,Brachypodium distachyon (Purple false brome) (Trachynia distachya)
Q7M222,MAFNKVALLILFAIFAGTVLLLSEVDAANACPRNCNPSIQYGRCPKSGNKKFKVGCTNCCSGTEGCNYYSANGTFICEGQTKKTIDETNKACPRNCNPRIAYSICPGNKRSEGRICTNCCAGSKGCNYYTVDGTFVCEGESKVDSS,4081,Solanum lycopersicum (Tomato) (Lycopersicon esculentum)
I1HDV9,MAASRFHIACALLLFGAVLLGQDGKAGMEAVACPQYCLEVEYTTCPSSGSEKLPARCNCCMAPKGCTLHLSDGTKQTCR,15368,Brachypodium distachyon (Purple false brome) (Trachynia distachya)
A0A1U7YPZ0,MAFYKASILSLLLLSGIFLLGIGEVKYVNAKSCLQFCDNEVAYMTCPSSGDEQISPVCVNCCTADEGCKLFRTDGSLICTGTQD,4096,Nicotiana sylvestris (Wood tobacco) (South American tobacco)
M5XPI6,MAADKNIGAMVLLLVCGSILLLAINPTEAKVCNKICYGAAAYMTCPSSGSTQLDPVCNCCLAPALGCTLYESDGTPICTST,3760,Prunus persica (Peach) (Amygdalus persica)
A0A2T7DPK9,MAASRVHITCALLLIGAVLLGQGQEGMEGAFACPQYCLEVDYVTCPSSGAEKLPARCNCCMTPKGCTLHISDGTQQTC,1504633,Panicum hallii var. hallii
A0A446KEB4,MATFRLHISCALLLAGVVLLGTNQGGMEAMACPQYCLEVDYITCPSSGSQKLPARCNCCMAPKGCTLHLPDGINQTCS,4567,Triticum turgidum subsp. durum (Durum wheat) (Triticum durum)
A0A2T7C1D4,MATIKLALPVALLLCGLMVIGCSVQSAEAKPGRMCAMYCLDAKYMTCPPKDTEQLPPACNCCVAEKRGCTIYLSNGGVEKCP,1504633,Panicum hallii var. hallii
A0A2T7C1D7,MVIGCSVQSAEAKPGRMCAMYCLDAKYMTCPPKDTEQLPPACNCCVAEKRGCTIYLSNGGVEKCP,1504633,Panicum hallii var. hallii
A0A2T7DPN3,MCTVGCLCLTMMAAILAAGAVLLGQGQEGMEGAFACPQYCLEVDYVTCPSSGAEKLPARCNCCMTPKGCTLHISDGTQQTC,1504633,Panicum hallii var. hallii
A0A2P6PEU3,MCMHVHKGFCSIMRVDVYAGSIILGGIPTEAKVCPLICYDAAAYMTCPSSGNEHLSPLCNCCLASEPGCALDLSDGTRLDASVLVLE,74649,Rosa chinensis (China rose)
A0A2P6PET9,MCMHVHKGFCSIMRVDVYAGSIILGGIPTEAKVCPLICYDVAAYMTCPSSGNEHLSPLCNCCLASEPGCAIYLSDGTRLCTST,74649,Rosa chinensis (China rose)
A0A6D2KGX0,MAICKIWVMFLILIVGGVILGVTTTKTATTCPLYCLQVEYMTCVSSGDDKLPPRCNCCLAPKNCTLHLSDSTSIHCKK,1685480,Microthlaspi erraticum
A0A371H7D0,MAFNKVGVILLVFVCGAIVLGGNNEKVVACPQICYEAAYMTCPSSGDQHLTPACNCCIASTGCTLYNEDGTSICTAT,157652,Mucuna pruriens (Velvet bean) (Dolichos pruriens)
A0A2P6PEW5,MARDKSMGAIVLLLVCGSILLGMSPTEACPQFCYEAAYMTCPSSGSTHISPSCNCCLAPQVGCKIYYSDGTLICTKT,74649,Rosa chinensis (China rose)
A0A2P6PEV5,MATDKSMGAIVLLLVCGSILLGMSPTEAKVCPQICYEAAYMTCPSSGSTHLSPSCNCCLAPEVGCKIYNSDGTRICTST,74649,Rosa chinensis (China rose)
A0A2P6PET4,MARDKSMGAIVLLLICGSILLGMNPTEAKVCIQICYEAAYMTCPSSGSTHLSPSCNCCLAPEVGCKIYNSDGTQICTST,74649,Rosa chinensis (China rose)
S8C5T1,MESAGARFCPLFCFRSEYMTCPSTGYERLPPQCNCCLAGPGCKIYGFDGRLLCAEPEAPRLPPRCNCCLAGPGCKIHGFDGRLLCAEPEVPYP,192259,Genlisea aurea
S8C608,MAARNYAVSFALLILIIAAVEGSKACYLICFDAAYMTCPSTGLQKLAPACNCCLAGSGCKIYAADGSLICSKP,192259,Genlisea aurea
A0A2P5BLP1,MAATNKLSVILPLLVIAATLVALQPENVAGKVCPQFCLDAEYMTCGSSDERLNPSCNCCLAPQGCTLYFSDGTSQYCA,3476,Parasponia andersonii (Sponia andersonii)
A0A6A1VLD3,MLLKRITPLPYQCHNNTAQQVSHGANTFGSGPFILETSDYNRSIRKVRIDRGHTSTREFDFLGSCNGLLLLSRCRTPPDLFIWNPCSGKKKKVSCPDRFVLEHQGANVNGVPHWLFSKKDSIDNMSIAYFDPAEEKFRKLSLPADRKAIFDTISLGALGGCLSVTYVSLAVGGLIMSETWAMQLTFKTTLGTMAKYLGLTVLLLVYGDEKLDPKCNCCLAPKNCTLHLADGTSVHC,262757,Morella rubra
A0A0D3FNQ1,MASIKLALPMALLLCGLMVIGSIQSAEAQGGKFCPQFCYDGLEYMTCPSTGSQHLKPACNCCIAGEKGCVLYLNNGQVINCT,65489,Oryza barthii
M4CUW0,MATYKIWLMSLMITGAILADVIPGVTITKTAIACPLYCLEVEYMTCPSSGDEKLPPRCNCCLAPKDCTLHLSGSTSIHCTK,51351,Brassica rapa subsp. pekinensis (Chinese cabbage) (Brassica pekinensis)
B9S759,MATYKVALALLLLYGAISLQATSGKACPLYCLDVEYMTCQSSGDEKLNPSCNCCLAPKNCTLHLSDGTSLFCKPN,3988,Ricinus communis (Castor bean)
Q1WL41,MAVHRVSFLALLLLFGMSLLVSNVEYADAKACPRNCDPRIAYGVCPRSEEKEDNQICTNCCAGRKGCNYFSADGTFVCEGESDPKNPKGCPRICDPRIAYRICRRSEEKKNDRICTNCCAGTKGCNYFSDDGTFVCEGESDPRNPKACPRNCDPRIAYGICRRSEEKKNDRICTNCCAGTKGCKYFSYDGNFVCEGESDPTNPKACPRNCDGRIAYEICPRTEEKKNDRICTNCCAGTKGCKYFSYDGTFVCEGESDPRNPKACPRNCDGRIAYGICPRAEEKNNQICTNCCAGMKGCNYFSANGTFICEGESEYVSKVDEYVLEVENDLQKSRVAVS,200300,Nicotiana spegazzinii
A0A3P6DUN5,MATYKIWLMSLMITGAILADVIPGVTITKTAIACPLYCLEVEYMTCPSSGDEKLPPRCNCCLAPKNCTLHLSGSTSIHCTK,3712,Brassica oleracea (Wild cabbage)
A0A6G1DPF0,MASIKIALPVTLLLCGLMVIGSIQSTEAQKGKICPQFCYDGIEYMTCPSTGGKHLKPVCNCCLADEKGCSIYLSNGQVVNCT,110450,Oryza meyeriana var. granulata
A0A6A1VLA0,MAEYLGLTVLLLVYGAILLGNNPEKISARVCPRFCLDVEYMTCPSSGDKKLDSRCNCCLAPKNCTLHLADGTSVHC,262757,Morella rubra
B6SSS5,MAASKFYVASCALLLIGVVLLGQQGIVGAVACPQFCLDVDYVTCPSSGSEKLPASCNCCMTPKGCTLHLSDGTQQTCS,4577,Zea mays (Maize)
I1PF65,MASIKLALPMALLLCGLMVIGSIQSAEAQGGKFCPQFCYDGLEYMTCPSTGSQHLKPACNCCIAGEKGCVLYLNNGQVINCT,4538,Oryza glaberrima (African rice)
A0A453A379,MATSRLHIACALLLAGVVLLGQNQEGMEAVACPQYCLEVDYITCPSSGSQKLPARCNCCMAPKGCTLHLSDGINQTCS,200361,Aegilops tauschii subsp. strangulata (Goatgrass)
Q94I92,CDPEVAYMVCPSSGHRIIKPVCVNCCSARKGCKLFCNNGSVKCTGT,33113,Atropa belladonna (Belladonna) (Deadly nightshade)
A0A6P6UW59,MAISRINGVMAILLCGMILLSSNVEVKVVEACPQYCLDVEYMTCGNSETKLPPRCNCCLAPKGCTLHLADGTSQYCS,13443,Coffea arabica (Arabian coffee)
A0A0E0P0X3,MASIKLALPMALLLCGLMVIGSIQSAEAQGGKFCPQFCYDGLEYMTCPSTGSQHLKPACNCCIAGEKGCVLYLNNGQVINCT,4529,Oryza rufipogon (Brownbeard rice) (Asian wild rice)
D8SAC5,MAASFLFLTILSFQLLLISAAGSHRLQVCSDAVVTLDECSNCCALKAGCIYLEPGTGSPVCLGGTSASRLCPLICEPPKIKVCPSRGTNRIPISVLPPDKEPSNGCHLYNLKTGAPLPVNGDDKSCLKDAVEICGGTVHPWTPGSCATCCTIPQGCLDLGHGKSICVSGPGKVCTRECGFVSYVCPGPKSVALDFNSCHTCKKPLKEGCKLYNRQGHQLCVKEDDLLQLA,88036,Selaginella moellendorffii (Spikemoss)
A0A4Y1QVW4,MSSILLGINPSTAKICPQYCTDQAGYMTCPSSGNTQLSPSCNCCLAPAGCTLYRADGTSICTGT,3755,Prunus dulcis (Almond) (Amygdalus dulcis)
A0A4Y1QW03,MNISRAIFIAFKLTEKHGCRQEYWSNGSILLLAINPTEAKVCNKICYGAAAYMTCPSSGSTQLDPVCNCCLAPALGCTLYESDGTPICTST,3755,Prunus dulcis (Almond) (Amygdalus dulcis)
D8QVL0,MAASFLFLTILSFQLLLISAAGSHRLQVCSDAVVTLDECSNCCALKAGCIYLEPGTGSPVCLGGTSASRLCPLICEPPKIKVCPSRGTNQIPISVLPPDKEPSNGCHLYNLKTGAPLPVNGDDKSCLKDAVEICGGTVHPWTPGSCATCCTIPQGCLDLGHGKSICVSGPGKVCTRECGFVSYVCPGPKSVALDFNSCHTCKKPLREGCKLYNRQGHQLCVKEDDLLQLA,88036,Selaginella moellendorffii (Spikemoss)
Q1WL47,MAVHRVSFLALLLFFGMSLLVSNVEHAKACTRECDTRIAYGVCPRLEEKTNNRICTNCCAGKKGCKYFSDDGTFVCEGESDPRNPKPCPRNCDGRIAYGICPLSEEKKNNQLCTNCCAGTKGCKYFSADGTFVCEGESDPRNPKPCPRNCDGRIAYGICPLSEEKKNNRLCTNCCAGTKGCSYFSADGTFVCEGESDPRNPKPCPRNCDGRIAYGICPRSEEKKNDRICTNCCSGKKGCKYFSDDGTFVCEGESDPRNPKGCTFECDPGIAYGICPLSEEKKNNRLCTNCCAGKKGCNYFSSNGTFICEGESEYASKVVEYVGEVEVAVS,118709,Nicotiana simulans
A0A6P6UNR4,MAGTKVGVITLLLCATILLGLKPEHASAKVCPFFCYAEVAYMTCPPAPYKKLGPVCNCCLAKPGCKLFRADGTVICTAS,13443,Coffea arabica (Arabian coffee)
A0A438H016,MLIHDALAGVVLLGETSKSFGAKACPLYCLDVDYITCVSSGEEKLTAPCNCCLAPKQCTLHLVDGSEVQCD,29760,Vitis vinifera (Grape)
Q1WL46,MAVHRVSFLALLLLLGMSLLVSNVEHADAMTCTRECDPRIDYRVCPLSEEKKNDRICTNCCAGKKGCKYFSDDGTFVCEGESDPRNPKPCPRNCDGRIAYGICPLSEEKKNDPICTNCCVGKKGCKYFSYDGTFVCEGESDPRNPKPCPRNCDGRIAYGICPLSEEKKNDPICTNCCAGKKGCKYFSYDGTFVCEGESDPRNPKPCPRNCDGRIAYGICPLSEEKKNDRLCTNCCAGKKGCKYFSDDGTFVCEGESDPRNPKGCTFECDPRIAYGICPLSEEKKNNRLCTNCCAGKKGCNYFSSNGTFICEGESEYASKVVEYVGEVEIDLPKSKVAVS,118712,Nicotiana umbratica
A0A5N6R566,MAKCSFGVTVLLLIYGAILLGIIPEKTRSVVKACPLYCLDVEYMTCQSSGEEKLNPRCNCCLAPKNCTLHLADGSSVHCE,176857,Carpinus fangiana
Q1WL42,MAVHRVSFLAVLLLFGMSLLVSNVEYADAKACPRNCDPRIAYGVCPRSEEKEDNQICTNCCAGRKGCNYFSADGTFVCEGESDPKNPKACPRNCDPRIAYRICRRSEEKKNDRICTNCCAGTKGCNYFSDDGTFVCEGESDPRNPKACPRNCDTRIAYGICRRSEETKNDRICTNCCAGTKGCKYFSYDGNFVCEGESDPRNPKACPRNCDGRIAYEICPRTEEKKNDRICTNCCAGTKGCKYFSYDGTFVCEGESDPRNPKACPRNCDGRIAYGICPRTEEKNNQICTNCCAGTKGCNYFSANGTFICEGESEYVSKVDEYVLEVENDLQKSRVAVS,118701,Nicotiana linearis
A0A6N7M2Q3,MCPQNCVPRIDYSPTPMHDKQRVAPLCCVSGTFPIFLP,2044939,Clostridia bacterium
A0A3Q7FEJ3,MALHKDVSFLASLLVLGLMFLHVSAEIDQGRDIINPKPCTRECGNFSYAICPRSEGSPRTPICTTCCAGYKGCKYYNANGTFICEGQSDPRKPNEHCPKECDRKIAYSKCPHSEGPTKIIPTKCTTCCTGYKGCYYYGKDNKFVCEGQSNEPKVCTQQCDPKVAYMTCPPESTKLTRVCVNCCTAKPGCKLYGHDGSLICIGGVKPH,4081,Solanum lycopersicum (Tomato) (Lycopersicon esculentum)
A0A3Q7IU01,MQTPKLALKNVTVEFHMGFAQFYKLKELMEYCSGIVGCKYFSKDYTFICDGESKWFGEKAYTKECDPRIDIGICASDLTKKVDALCTNCCAGKKGCNYFDENGTFICEGESEGENTLQKSNVAIS,4081,Solanum lycopersicum (Tomato) (Lycopersicon esculentum)
I6Q7H6,MAVHKEVNFVAHLLIVLGMFLYVDAKACTRECGNLGFGICPRSEGSPLNPIFINCCSGYKGCNYYNSFGKFICEGESDPKRPNACTFNCDPNIAYSRCPRSQGKSLIYPTGCTTCCTGYKGCYYFGKDGKIVCEGESDEPQANMYPVM,4081,Solanum lycopersicum (Tomato) (Lycopersicon esculentum)
I3QHE9,MAVHKEVYFVAYRLIVLGMFLYVDAKACTRECGNLGFGICPRSEEKVPALIPHIAFNWLATREIYNSFGKFICEGESDPKRPNACTFNCDPNIAYSRCPRSQGKSLIYPTGCTTCCTGYKGCYYFGKDGKFVCEGESDEPKANMYPVM,4081,Solanum lycopersicum (Tomato) (Lycopersicon esculentum)
A0A3Q7FH23,MALHKDVTFLASLLVLGLMFLHVSAEIDQGRDIINPKPCTRECGNFSYAICPRSEGSPKSPICTTCCAGYKGCKYYNANGTFICEGQSDPRKPNEHCPKECNRKIAYSKCPHSEGPTKIIPTKCTTCCTGYKGCYYYGKDNKFVCEGQSNEPKVCTQQCDPKVAYMTCPPESTKLTRVCVNCCTAKPGCKLYGHDGSLICIGGVKPH,4081,Solanum lycopersicum (Tomato) (Lycopersicon esculentum)
A0A3Q7G3D8,MLMPSLVLRNVVILGLGYAHVHKEVRKIPYAQTVVQVLKVAIIIVLMELLFVKDNLTLETQKLALEIVIHILPIQSVPVQEERRLFIPLDVPRVARDTKVATISVKMASLFVKERVMNPRYVRTLECDPRVAYMICPSSKLAKLNRVCVNCCTAGDGCKLYGYDGSLICTGEPQSYISTA,4081,Solanum lycopersicum (Tomato) (Lycopersicon esculentum)
A0A368SF18,MVIGCSIQSAEAKPGRVCAMYCLNGTYMTCPPKDPEKLPPACNCCLAKKRGCTIYLSDGGAVSGEMPMESLIMKSKSKNEIDSCCLARTA,4555,Setaria italica (Foxtail millet) (Panicum italicum)
A0A3Q7HFS8,MASSKVGVLTLFFLCVFVVGSNYVEAQICPQFCEPNVDYMTCSSSGSTILRPTCINCCQATGRGCQLFRRDGSTICN,4081,Solanum lycopersicum (Tomato) (Lycopersicon esculentum)
A0A3Q7FH03,MAVHKQVSFLAYLLLVLGLLLLVSAVEHVDVKPCTKECGHLGFGICPRSQGSPQNPICTNCCSGFKGCNYYSADGTFICEGQSDPKKPRACHLNCDPHIAYSKCPRSGGKTFIYPTGCTTCCTGYKGCYYFGKNGKFVCEGESDEPKELEIIEHKACTLECDPKVIYMTRSSSCLAKHYEVCVDYFTAGEGCNLYGYESLDYCYL,4081,Solanum lycopersicum (Tomato) (Lycopersicon esculentum)
A0A3Q7GXR1,MAFCKVRILSLLLLSGIFLLGIEVEYGNAQKMCLQVCDNEVAYMTCPSSGDEKISGVCVNCCTADEGCKLYRADGSLICTGTPQ,4081,Solanum lycopersicum (Tomato) (Lycopersicon esculentum)
A0A3Q7FEG3,MAVHKQVSFLAYLLLVVGLLLLVSAVEHVDAKPCTMECGHLGFGICPRSQGSPQNPICTNCCSGFKGCNYYSVNGTFICEGQSDPRKPKPCPLNCDPHIAYSKCPRSGGKTFIYPTGCTTCCTGYKGCYYFGKDGKFVCEGESDEPKACTMECDPRVAYMICPSSGLAKLSQVCVNCCTAGDGCKLYGYDGSLICTGEPQSYISTA,4081,Solanum lycopersicum (Tomato) (Lycopersicon esculentum)
A0A494GA31,MVMAINRVVCLALLLLSGTFLLGSKVESADGKACTRNCDPDVAYMVCPSSGHRIIKQVCVNCCSARKGCKLFRNNGSVKCIGN,4081,Solanum lycopersicum (Tomato) (Lycopersicon esculentum)
I3QHF1,MPVHKEVNFVAYLLYVLGMFLYVDAKACTRECGNLGFGICPRSEGSPLNPIFINCCSGYKGCNYYNSFGKFICEGESDPKRPNACTFNCDPNIAYSRCPRSQGKSLIYPTGCTTCCTGYKGCYYFGKSGKIVCEGESDEPQANMYPVM,4081,Solanum lycopersicum (Tomato) (Lycopersicon esculentum)
A0A3Q7FH27,MAVYKVSFLAHLLVLGMYLLVSTVEHANACTKECGNLGYGICPGSEGSPENPICTNCCSGYKGCNYYNANGTFICEGTSDPKNPNICPSYCDPQIAYSKCPRSEGKTIIYPTGCTTCCTGYKGCYYFGQDGEFVCEGESIEPKGCTKECDPRVAYMTCPSSGLAKLNQVCVNCCSAGEGCKLYDNDGSLLCTGEPQSISTA,4081,Solanum lycopersicum (Tomato) (Lycopersicon esculentum)
A0A6N2AW41,MAFNKVALLILFAIFAGTILLLSEVDAANACPRNCNPSIQYGRCPKSGNKKFKVGCTNCCSGTEGCNYYSANGTFICEGQTKKTIEETNKACPRNCNPRIAYSICPGNKRSEGRICTNCCAGSKGCNYYTVDGTFVCEGESKVDSS,4083,Solanum chilense (Tomato) (Lycopersicon chilense)
A0A6N2ASC2,MAVRKEVNFVAYLLIVLDIMFVVGMFLHVDAKACTRECGNLGFGICPRSEGSPLNPICINCCSGYKGCNYYNSFGKFICEGESDPKRPNACTLNCDPNIAYSRCPRSQGKSLIYPTGCTTCCTGYKGCYYFGKDGKFVCEGESDEPKANMYPAMRL,4083,Solanum chilense (Tomato) (Lycopersicon chilense)
A0A6N2ALW1,MASSKVGVLTLFLLCVFVVGSNYVEAQICPQFCEPNVDYMTCSSSGSTILRPTCINCCQATGRGCQLFRRDGSAICN,4083,Solanum chilense (Tomato) (Lycopersicon chilense)
A0A314KX99,MAIHRVAFLALLLLSGAVLLGNKVECADGKACTRNCDPDVAYMVCPSTGQRITKPCVNCCSARKGCKLFHSNGSVKCTGT,49451,Nicotiana attenuata (Coyote tobacco)
Q1WL35,MAAHRVSFLALLPLFGMSLLVSIVEHADAKACPRNCDGRIAYGICPRSEEKKNDRICTNCCAGMKGCNYFSADGTFVCEGESDPINPKACPFNCDPRIAYGVCPRSEEKKNNQICTNCCAGRKGCYYFSADGAFVCEGESDPKNPKACPRNCDGRIAFKVCPRSEEKKNDRICTNCCAGRKGCSYFSADGTFVCKGESDPRNPKACPRNCDPRIDFGICPLSEEKKDNQICTNCYAGMKGCYYFSADGTFVCEGESDPRNPKPCPRNCDGRIAYGICPRSEEKKNDRICTNCCAGTKGCSYFSADGTFVCKGESDPRNPKACPRNCDPRIDFGICPLSEEKKDNQICTNCCAGMKGCNYFSADGTFVCEGESDPRNPKPCPRNCDGRIAYGICPRSEEKKNDRICTNCCAGTKGCSYFSADGTFVCKGESDPRNPKACPRNCDPRIDFGICPLLEEKKDNQICTNCCAGMKGCNYFSANGTFICEGESEYVNKVENEHQMSKVAVI,200316,Nicotiana obtusifolia
Q1WL31,MAAHRVSFLALLPLFGMSLLVSIVERMSLLVSIVEHADAKACPRNCDGRIAYGICPRSEEKKNDRICTNCCAGMKGCNYFSADGTFVCEGESDPINPKACPFNCDPRIAYGVCPRSEEKKNNQICTNCCAGRKGCYYFSADGAFVCEGESDPKNPKACPRNCDGRIAFKVCPRSEEKKNDRICTNCCAGRKGCSYFSADGTFVCKGESDPRNPKACPRNCDPRIDFGICPLSEEKKDNQICTNCYAGMKGCYYFSADGTFVCEGESDPRNPKPCPRNCDGRIAYGICPRSEEKKNDRICTNCCAGTKGCSYFSADGTFVCKGESDPRNPKACPRNCDPRIDFGICPLSEEKKDNQICTNCCAGMKGCNYFSADGTFVCEGESDPRNPKPCPRNCDGRIAYGICPRSEEKKNDRICTNCCAGTKGCSYFSADGTFVCKGESDPRNPKACPRNCDPRIDFGICPLLEEKKDNQICTNCCAGMKGCNYFSANGTFICEGESEYVNKVENEHQMSKVAVI,200316,Nicotiana obtusifolia
A0A6L5BAJ4,MASRVTFLVLLVSGILLLEAGAVAKACPLYCLEVDYMTCPSSGDTKLDPKCNCCLAPKGCTLHLSTGTSMFCGKT,4045,Apium graveolens (Celery)
Q1WL49,MAVHRVSFLALLLFFGMSLLVSNVEHAKACTRECDTRIAYGVCPRLEEKTNNRICTNCCAGKKGCKYFSDDGTFVCEGESDPRNPKPCPRNCDGRIAYGICPLSEEKKNNRLCTNCCAGMKGCNYFSADGTFVCEGESDPRNPKPCPRNCDGRIAYGICPLSEEKKNNRLCTNCCAGTKGCNYFSADGTFVCEGESDPRNPKPCPRNCDGRIAYGICPLSEEKKNNRLCTNCCAGTKGCNYFGADGTFVCEGESDPRNPKRCTRECDPRINYRICPRSEEKKNNRICTNCCSGKKGCKYFSDDGTFVCEGESDPRNPKGCTIECDPRIAYGICPLSEEKKNNRLCTNCCAGKKGCNYFSANGTFICEGESEYASKVVEYVGEVEDDLQKSKVAVS,200306,Nicotiana occidentalis subsp. hesperis
A0A445A6L7,MAFNKVGVIFLVMVICGMIILEGEVKRVEGCEQVCYEAAYMTCPSSASGEEHLSPACNCCLAPRGCTLYNSDGSTICTAN,3818,Arachis hypogaea (Peanut)
E9JGT0,MAIYKVALLLLFGMIVLGSNADGKPCTRECDTRIAYGICPLSETKRINQICTNCCAGKKGCMYFSNDGTFICEGESEYVSEVPVDNKPCPRNCDGRIAYGICPLSENKRINQICTNCCAGKKGCLYFSNDGTFICEGESEYVSENDLQKIKVAIS,4112,Solanum nigrum (Black nightshade)
A0A6A6L7G5,MGGFRAGVILLLFLYGTISLGIIPGSGRAIACPLYCLDVDYMTCQSSGDKKLSPGATAAWLPRTAPFTFLMVLHFIVSLDES,3981,Hevea brasiliensis (Para rubber tree) (Siphonia brasiliensis)
A0A5J9V188,MRGVLHWIVTGLMVDGCYIKSSEAGQGRFFPCPMYCLNAAYMTCTSSGGQHLEAVCNCCVVKKKGCTICLNNRQPMKKGIASIVLEKSETLRADGSAIGIYVNGWRVLVQLGVAAELRETANVITA,38414,Eragrostis curvula (weeping love grass)
Q1WL40,MAVHRVSFLALLLLFGMSLLVSNVEHADAKACTFNCDPRIAYEICPRTEEKKNDRICTNCCAGRKGCKYFSDDGTFVCEGESDPKNPKGCPRNCDGRIAYGICPLSEEKKNDRICTNCCAGMKGCNYFSADGTFVCEGEYDPRNPKACPRNCDTRIAYGICPRTEAKKNDRICTNCCAGTKGCKYFSDDGTFVCEGESDPRNPKACPRNCDGRIAYGICPLSEEKKNDRICTNCCAGTKGCKYFSDDGTFVCEGESDPRNPKACPRNCDGRIAYGICPRTEEKKNNQICTNCCAGTKGCNYFSANGTFICEGESDPRNPKACPRNCDGRIAYGICPRTEEKKNNQICTNCCAGTKGCNYFSANGTFICEGESEYVSKLDEYVHEVENDLQKSRVAVS,118704,Nicotiana miersii
A0A1U7XB93,MAVHKVSFVAHLLVLGMFLLLVDAKACTKECGNFAYGICPRSQGTPDDPICTTCCAGYKGCNYYSANGTFICEGSSDPKNPNFCPQFCDPDIAYSKCPRSEGETIINPTGCTTCCTGYKGCYYFGQDGEFVCEGESDEPKSCTTECDPRVATISCPFSGLVKINQECINCCNADKGCELYDNDGSLICTGGEPQSAA,4096,Nicotiana sylvestris (Wood tobacco) (South American tobacco)
A0A1U7XKN6,MAIHKVGFLALLLLFGTHVLGSKMATAAEEEKSCPRDCISDAAYMVCPTRHGRHKLIESYCDNCCTLPENCKLFKENGDLICTGTDY,4096,Nicotiana sylvestris (Wood tobacco) (South American tobacco)
A0A484LDR5,MALSNKIGFFILLLVCGMILEGKNGNAETICTLECNTKAVYIRCLPDKKKTKIGSGGCTNCCVSRKRGCQLYDSNDRRLCAPLIAN,132261,Cuscuta campestris
A0A484MPX3,MATYNKVCLFTVVFLVCGIFLMGNNVEQVNAQICTQECNPNAAYMICQPNNKKTKNVCTNCCKIQNTRCHIYTSKGGLIC,132261,Cuscuta campestris
A0A1U7VHX6,MAVHKVGFLSLLLLFGTFLLLSEVDYADAKACTRNCNPRIRYGRCPKSGNKKFNVGCTNCCAGSLGCNYYSANGTFVCEGESETKVETIETDVETIETEVETMVESNKVCPRNCDPKIRYGRCPKSGNKKFNVGCTNCCAAKKGCNYFSANGTFVCKGESVVESMIEAVKPCRRNCDGRISYSVCGNKKSSGRICTNCCAGKKGCNYFSADGTFVCEGESGVESI,4096,Nicotiana sylvestris (Wood tobacco) (South American tobacco)
A0A2C9U1Z6,MGRVRAAFMLLLFVYGSISIGMSPGRAIVCPLYCLDVDYMTCPSSGEEKLSPSCNCCLAPKNCTLHLSDGSSIYCKPHEF,3983,Manihot esculenta (Cassava) (Jatropha manihot)
A0A1U7XTK4,RICTNCCAGKKGCKYFSDDGTFICEGESEYASKVDEYVREVENDLQKSKVAVSEVLTNNMYGAFPLPYFSDDGTFVCEGESDPRNPKACPRNCDPRIAYGICPLSEEKKNDRICTNCCAGTKGCKYFSDDGTFVCEGESDPRNPKACPRNCDGRIAYGICPLSKEKKNDRICTNCCAGKKGCKYFSDDGTFICEGESEYASKVDEYVREVENDLQKSKVAVSEVLTNNM,4096,Nicotiana sylvestris (Wood tobacco) (South American tobacco)
A0A5J9UGK4,MSSEGCEAMAASKFHITCGLLLIGVMLLGQEQEGMAVVVACPQYCLEVDYVTCPSSGAQKLPARCNCCMTPKGCTLHLSDGTNQTCPS,38414,Eragrostis curvula (weeping love grass)
A0A2C9U386,MGGVRAALMLLFFYGSISIGMSPGRAIACPLYCLDVDYMTCPSSGEEKLSPSCNCCLAPKNCTLHLSDGSSLYCKPHEF,3983,Manihot esculenta (Cassava) (Jatropha manihot)
A0A1U7VLC3,MFFLGSKVENANAKACLQKCNNEVEYMTCPSSGDEKIMPTCTNCCLAEVGCKLFRADGSLICVGNWNPDDPHE,4096,Nicotiana sylvestris (Wood tobacco) (South American tobacco)
A0A5J9WB19,LDEQKLQTMAINKLALPVVLLLCGLMVDGCCIKNSEAGQGRFCPMYCLNAAYMTCKSTGDQHLDPACNCCVVEKKGCTIYLNDGQPVKCS,38414,Eragrostis curvula (weeping love grass)
A0A1U7WDA6,MAVHRVSFLALLLLLGMSLLVSNVEHADAKACPLNCDPRIAYGVCPRSEEKKNDRICTNCCAGTKGCKYFSDDGTFVCEGESDPRNPKACPRNCDPRIAYGICPLSEEKKNDRICTNCCAGTKGCKYFSDDGTFVCEGESDPRNPKACPRNCDPRIAYGICPLSEEKKNDRICTNCCAGTKGCKYFSDDGTFVCEGESDPRNPKACPRNCDPRIAYGICPLSEEKKNDRICTNCCAGTKGCKYFSDDGTFVCEGESDPRNPKACPRNCDPRIAYGICPLSEEKKNDRICTNCCAGTKGCKYFSDDGTFVCEGESDPRNPKACPRNCDPRIAYGICPLSEEKKNDRICTNCCAGTKGCKYFSDDGTFVCEGESDPRNPKACPRNCDPRIAYGICPLSEEKKNDRICTNCCAGTKGCKYFSDDGTFVCEGESDPRNPKACPRNCDPRIAYGICPLSEEKKNDRICTNCCAGTKGCKYFSDDGTFVCEGESDPRNPKACPRNCDPRIAYGICPLSEEKKNDRICTNCCAGTKGCKYFSNDGTFVCEGESDPRNPKACTLNCDPRIAYGICPLSEEKKNDRICTNCCAGKKGCKYFSDDGTFVCEGESDPRNPKACPRNCDGRIAYGICPLSEEKKNDRICTNCCAGKKGCKYFSDDGTFICEGESEYASKVDEYVREVENDLQKSKVAVS,4096,Nicotiana sylvestris (Wood tobacco) (South American tobacco)
A0A484LX26,MATFNKVCLLTVVFLVCGIILMGNNVEQVNAQICTQECNPNAAYMICQPNNKKTKNVCTNCCKIQNTRCHLYTSKGALIC,132261,Cuscuta campestris
Q1WL48,MAVHRVSFLALLLSFGMSLLVSNVEHAKACTRECDTRIAYGVCPRLEEKTNNRICTNCCAGKKGCKYFSADGTFVCEGESDPRNPKPCPRNCDGRIAYGICPLSEEKKNNQLCTNCCAGTKGCNYFSADGTFVCEGESDPRNPKPCPRNCDGRIAYGICPLSEEKKNNRLCTNCCAGTKGCSYFSADGTFVCEGESDPRNPKPCPRNCDGRIAYGICPRSEEKKSDRICTNCCSGKKGCKYFSDDGTFVCEGEFDPRNPKGCTFECDPRIAYGICPLSEEKKNNRLCTNCCAGKKGCNYFSSNGTFICEGESEYASKVVEYVGEVEVAVS,118703,Nicotiana megalosiphon
A0A0E0D682,MASIKLALPTALLLCGIMVIGSIQSAEAQGGKICPQFCYDGLEYMTCPSTGSQHLKPACNCCIAGEKGCVLYLNNGQVINCT,40149,Oryza meridionalis
K4AKH4,SNRTCPPSKLALPVTFLLCGLMVIGCSIQSAEAKPGRVCAMYCLNGTYMTCPPKDPEKLPPACNCCLAKKRGCTIYLSDGGALYCMGRLLQE,4555,Setaria italica (Foxtail millet) (Panicum italicum)
B9IQG0,MGGARLAASAVVLLVLGVVLLGASGGNLIAKACPLYCLDVDYMTCESSGDKKLNSACNCCLAPKNCTLHLADGRMVQC,3694,Populus trichocarpa (Western balsam poplar) (Populus balsamifera subsp. trichocarpa)
A0A1S2Z6Q3,MAFKVGAILLVLVFGAILLGGNLNFVDAKVCPLICYDSAGYMTCPSSGDQHLSPPCNCCLASTGCKIYKADGTLICTAS,3827,Cicer arietinum (Chickpea) (Garbanzo)
A0A3N6RQ47,MATYKIWLMSLMITGAILPDVIPGVTITKTAIACPLYCLEVEYMTCPSSGDEKLPPRCNCCLAPKNCTLHLSGSTSIHCTK,69181,Brassica cretica (Mustard)
M1BKA8,MYILNRFFFFVFGTVFLVGSNYVEAQICPQFCEPNVDYMTCSSSGSTILRPTCINCCQARGRGCQLFRRDGSAICN,4113,Solanum tuberosum (Potato)
I3QHF0,MAVQQEVNFVAYLLIVHGMFLYVDAKACTRECGNLGFGICPRSEGSPLNPICINCCSGYKGCNYYNSFGKFICEGESDPKRPNACTFNCDPNIAYSRCPRSQGKSLIYPTGCTTCCTGYKGCYYFGKDGKFVCEGESDEPKANMYPVM,4081,Solanum lycopersicum (Tomato) (Lycopersicon esculentum)
A0A494GA05,MDVHKQVSFLAYLLLVLGLLLLVSAVEHVDANSCTKECGHLGFGICPRSQGSPQNPICTNCCAGFKGCNYYSAHGTFICEGQSDPRKPKACPRNCDPHIAYSKCCTGYKGCYYFGKDGKFVCEGESDEPKGTVANSMDMMDL,4081,Solanum lycopersicum (Tomato) (Lycopersicon esculentum)
Q5YLI5,VHRVSFLALLLLFGMSLLVSNVEHADAKACPRNCDGRIAYEICPRSEEKKNDRICTNCCAGTKGCKYFSDDGTFICEGESDPRNPKACPRNCDGRIAYGICPRSEEKKNDRICTNCCAGTKGCKYFSDDGTFICEGESDPRNPKACPRNCDGRIAYGICPRSEEKKNDRICTNCCAGTKGCKYFSDDGTFICEGESDPRNPKACPRNCDGRIAYEICPRSEEKKNDRICTNCCAGTKGCKYFSDDGTFICEGESDPRNPKACPRNCDGRIAYEICPRTEEKKNDRICTNCCAGTKGCKYFSDDGTFVCEGESDPRNPKACPRNCDERIAYGICPRTEEKKNNQICTNCCAGTKGCNYFSANGTFICEGESEYVSKVDEYVHEVENDLQKSRVAVS,49451,Nicotiana attenuata (Coyote tobacco)
D7KZ92,MASIYKIWVMSLIVAGAILGGVIPGVTTTKTAIACPLYCLQVEYMTCRSSGEEKLPPKCNCCLAPKNCTLHLSDSTSIHCNK,81972,Arabidopsis lyrata subsp. lyrata (Lyre-leaved rock-cress)
A0A484NKE6,MVAFNKACFFAFFIVFGILILENEVEVKADHVYCIDECDPQAAYMICPPHNERTDGVCKNCCQIKYFPELQGCHLFSANDTLIC,132261,Cuscuta campestris
A0A1J6KQH3,MAIHKVGFLAVLLLFGTHVLGSKMATAAEEEKSCPRDCISDAAYMVCPTRHGRHKLIESYCDNCCTLPENCKLFKENGDLICTGTDY,49451,Nicotiana attenuata (Coyote tobacco)
A0A1J6JY14,MAFYKAGILSLLLLSGIFLLGINEVKYVNAKSCLQFCDNEVAYMTCPSSGDEQISPVCVNCCTADEGCKLFRTDGSLICTGTQD,49451,Nicotiana attenuata (Coyote tobacco)
A0A1J6J0L2,MAVHRVSFLALLLLFGMSMLVSNVEHADAKACPRNCDGRIAYEICPRSEEKKNDRICTNCCAGTKGCKYFSDDGTFICEGESDPRNPKACPRNCDGRIAYGICPRSEEKKNDRICTNCCAGTKGCKYFSDDGTFICEGESDPRNPKACPRNCDGRIAYEICPRSEEKKNDRICTNCCTGTKGCKYFSDDGTFVCEGESDPRNPKACPRNCDGRIAYEICPRTEEKKNDRICTNCCAGTKGCKYFSDDGTFVCEGESDPRNPKACPRNCDERIAYGICPRTEEKKNNQICTNCCAGTKGCNYFSANGTFICEGESEYVSKVDEYVHEVENDLQKSRVAVS,49451,Nicotiana attenuata (Coyote tobacco)
Q84LQ9,YFSDDGTFVCEGESDPRNPKACPRNCDGRIAYEICPRSEEKKNDRICTNCCAGTKGCK,49451,Nicotiana attenuata (Coyote tobacco)
Q6H238,MWNMQMPRLVPLTVIQELPREFARVQKKRKTIKYAPTVAQARRDVTTLVLMELLFVNENLILEIPKLVPEIVIQEIDYRVCPRSEEKNNQICTNCCAGTMGCNYFSADGSFVCKGESDLRNPKDCPRNCDPRIDYRVCRRSEEKNNQICTNCCVGTMGCNYFSADGSFVCKGESDLRNPKDCPRNCDPRIDYRVCRRSEEKNNQICTNCCAGTKGYNYFSADGTFVCKGESDPRNPKACPRNCDPRIDYRFCPRSEEKDNQICTNCCAGTKGCNYFSADGTFVCKGESDPRNPKACPRNCDPRIDYRVCPRSEENNNQKCTNCCAGTKGCNYFSANGTFICEGEYDPRNPKACPRNCDPRIDYRVCPRSEENNNQKCTNCCAGTKGCNYFSANGTFICEGESEYVRKVDE,49451,Nicotiana attenuata (Coyote tobacco)
Q1WL39,MAVHRVSFLALLLLFGMSLLVSNVEHADAMACPFNCDPRIAYEVCPRTEEKKNDRICTNCCAGTKGCKYFSDDGTFICEGESDPRNPKACPRNCDGRIAYGICPLSEEKKNDRICTNCCVGTKGCKYFSDDGTFICEGESDPRNPKACPRNCDGRIAYGICPRTEEKKNDRICTNCCAGTKGCKYFSDDGTFICEGESDPRNPKACPRNCDGRIAYGICPRTEEKKNDRICTNCCAGTKGCKYFSDDGTFVCEGESDPRNPKACPRNCDGRIAYGICPRTEEKKNDRICTNCCAGTKGCKYFSDDGTFVCEGESDPRNPKACPRNCDERIAYGICPRTEEKKNNQICTNCCAGTKGCNYFSANGTFICEGESEYVSKVDEYVHEVENDLQKSRVAVS,200315,Nicotiana pauciflora
A0A314KVL0,MATSEVGILTPLFLCVLLLGSTDVEYAEGKICRPKYCDPRVSYMSCPPSGAAPKEFFQFVTCYNCCELEPGCKLFDAAGSVLCTGISQ,49451,Nicotiana attenuata (Coyote tobacco)
A0A1J6JJ91,MAVHKVSFLAHLLVLGMFLLLVDAKACTKECGNFAYGICPRSQGTPDHPICTTCCAGYKGCNYYNANGTFICEGLSDPKNPNFCPQFCDPDIAYSKCPRSEGETIINPTGCTTCCTGYKGCYYFGQDGEFVCEGESDEPKSCTTECDPRVATISCPISGLVKINQECINCCNADKGCELYDNDGSLICTGGEPQSAA,49451,Nicotiana attenuata (Coyote tobacco)
A2XLR0,MASIKLALPMALLLCGLMVIGSIQSAEAQGGKFCPQFCYDGLEYMTCPSTGSQHLKPACNCCIAGEKGCVLYLNNGQVINCT,39946,Oryza sativa subsp. indica (Rice)
A0A1J3ILC6,MYEPGEMKMIIPLESMATYKIWVMSLIIIGAVLVGGVIPGVTTTKTAIACPLYCLQVEYMTCLSSGDDKLPPRCNCCLAPKNCTLHLSDSTSIHCNK,107243,Noccaea caerulescens (Alpine penny-cress) (Thlaspi caerulescens)
A0A1J3HRR4,GERKMIIPLESMATYKIWVMSLIIIGAVLVGGVIPGVTTTKTAIACPLYCLQVEYMTCLSSGDDKLPPRCNCCLAPKNCTLHLSDSTSIHCNK,107243,Noccaea caerulescens (Alpine penny-cress) (Thlaspi caerulescens)
A0A2G3C7G8,MAFCKVGILSLLLLSGIFLLGIEVEFGNAQKMCIQVCDPEVASMTCPSSGDEKINDVCVNCCTAAVGCKLFRSDGSLICIGTPE,80379,Capsicum chinense (Scotch bonnet) (Bonnet pepper)
A0A1J3G2U3,KMIIPLESMATYKIWVMSLIIIGAVLVGGVIPGVTTTKTAIACPLYCLQVEYMTCLSSGDDKLPPRCNCCLAPKNCTLHLSDSTSIHCNK,107243,Noccaea caerulescens (Alpine penny-cress) (Thlaspi caerulescens)
A0A2Z7C1T8,MFLLGMNESVVRVMACPLYCLDVEYMTCNGTKVTPGRCNCCLAPKGCILHLSDGTSVNCG,472368,Dorcoceras hygrometricum
A0A2G3CKE7,MAFYKVGILSLLLLSGIFLLGIQVEYTSAKSCLQFCDNEVAYMTCPSSRDEQISPVCVNCCTANEGCKLFRKNGSLICTGTQD,80379,Capsicum chinense (Scotch bonnet) (Bonnet pepper)
A0A2N9F3Z0,MNPEEMSAKACPLYCLDVEYMTCQSSGEKKLNPKCNCCLAPKNCTLHLVDGNSLELVPPLQGLQLATSLPPVGLLGGGVAAEMAEELEVLCRRLHLSDREKLHTRLRQDPVAQSHLEAKHSLLFKLLSTRPFNGMALLHYVRSLWASPNGMTIREIEDNLFMAVFQVEADLERIIVQSPWTFDKKLIHIVRLVGDIQPREVKFQYSAFWIHILNLPIKSMIREVGEDIGNGIGRFIEADVPEDGIGWGRYLRIRVDIDISLPLFRGKILEGVDGSPFWVDFQYEHLPTFCYQCGLLGHGGSEFIVGRGLSDKMVDGASDLYGSWLRAPPHQKTVSSRNRVSNTASAPLRRPHVAPARGNSRSSDSVPVGVFSFTARAKVVNNPVSQEPDSPKSMPGVQGGDNARSPRLDANGFKPVGFQVDDTMVGESQLFHAKTKGFGTSACGESFVKKTVGSDDVGESSTNISHAPVAMPPVSTPGGTPPVEVKGKSTSPHLGTWKKRARAQAGTGVSTPTRVTRTGKRPLQAGESDLHGLGIGSRSHKKHIKGGKADSVLVVDPETVEATEQPRRHGFGGGLALLWDGSVSLHVKSYSNFHIDVEVLNNDGLRWRMTGFYGHPEVGLRPNTWALLRQLGGLSSSPWMVLGDFNEIMSLDEQAGRGDKSLTQMGAFRNAVADCALQDLGFHGPDFTWSNKRRGAALVRVRLDRALANSDWLQLFPTAFVSHVVVVNSDHMGVMVDFQPAQCNPCPRRRKLFRFDHTWIREDGCEEVIREAWCAHTSGIHMFRLSNKIKQCRMHLLQWSKSQVRLNPHLIASKRTQLLELENQPEEYYDGGAVNALRRELSRLMGKEEVFWRQRSRVLWLKGGDRNTSFFHESASQRKKVNTIVGLRDLNDVWQTDLGSVERIAVAYFNNLFTSYIPSAVGGVVQYVDSVVTPDTNADLMRPFTHDEVKIALFQMHHSKAPGPDGWANVQMAAKLDMSKAYDRVEWEYLKAILLKLGFHERWVQLVMTCVTSATYSIMINALLRKAEKDSLIKGISICRGGPRISHLFFADDSIIFCKATVSECSALQDILYLYERASGQMINTGKTALFFSHNTPPNTRSAITNLFGTSVTTQFEKYLGLPPVIGRSKKGAFNDIKDRVHRRLQGWKEKLLSQAGRKVLIKAVIQAIPTYAMSCFKFPASLCEELSSMATGFWWGRKNGERKIHWLSRKKFLTSKKEGGMGFRDLQLFNDALLARQGYGGINGCLVQSLTVVTSPPTILSESATVDQLIHSDSMTWNKELISQIFCTRDAEMILSIPLSRRCPRDSLIWHGTRNGSFSVKSAYHVLFSLSNRQEPSSSSGSRDMSRFWASVWSAQVPPKVRLFIWKACKGILPTRVRLFARKITSSSVCPWCLEEAETVIMFCGGAICQKVWMAVSFSGLSRFSDEMGFLDVVGGVVTDFPSPAVEVFLTTAWAIWNARNATIWENKTPIVDEICQGAAALAIAFLEEGANDSEGAQALYSADVVGVGILIRDSMGLVVAVLETTVVGSGDMTQVQATAIGTALQFAFDIGLRNLVVEMGCQELLSLIQRGTPCGAPCGVLVDDICWWIPSFYVLSFSFIPKLCNKAAIALAAEALSSGSVQVWLDDQPDCVTSFVLADLA,28930,Fagus sylvatica (Beechnut)
Q4Z8K2,MAVPKEVSFLAFLLVLEILLLHVDAKACSEENAENRICTNCCAGRKGCNYYSADGTFICEGESDPNNPKACPRYCDTRIAYSKCPRSEGNAENRLCTNCCAGRKGCNYYSADGTFICEGESDPNNPKACPRNCDTRIAYSKCPRSEGNAENRLCTNCCAGRKGCNYYSADGTFICEGESDPNNPKACPRNCDPNIAYSLCLYEK,4072,Capsicum annuum (Capsicum pepper)
A0A097J9C0,PKEVSFLAFLLVLEILLLHVDAKACSEENAENHICTNCCAGRKGCNYYSADGTFICEGESDPNNPKACPRYCDTRIAYSKCPRSEGNAENRLCTNCCAGRKGCNYYSADGTFICEGESDPNNPKACPRNCDTRIAYSKCPRSEGNAENRLCTNCCAGRKGCNYYSADGTFICEGESDPNNPKACPRNRDPNIAYSLCLYEK,4072,Capsicum annuum (Capsicum pepper)
T1PZB6,MAVPKEVSFLAFVLVPGILLLHVDAKACSEENAENRICTNCCAGRKGCNYYSADGTFICEGESDPNNPKPCTLNCDPRIFYSKCPRSEGNAENRICTNCCAGRKGCYCYSDDGTFICEGESDPNNPKPCPRNCDTRIAYSICPRSEGNAENRICTNCCAGRKGCNYYSADGTFICEGESDPNNPKACPRNCDPNIAYSLCLYEK,4072,Capsicum annuum (Capsicum pepper)
A0A059Q2U6,MGSIPGLEAKDKDGKVCIEICLEANYMTCPSTGNAELNPACNCYLANEDGCTIYLKDGTVEKCPRT,131158,Saccharum hybrid cultivar R570
J7EQ13,MDVHKEVNFVAYLLIVLGLLVLVSAMEHVDAKACTLECGNLGFGICPRSEGSPENRICTNCCAGYKGCNYYSANGAFICEGQSDPKKPKACPLNCDPHIAYSKCPRSEGKSLIYPTGCTTCCTGYKGCYYFGKNGKFVCEGESDEPKANMYPAM,4113,Solanum tuberosum (Potato)
T1PZ91,MAVPKEVSFLAFLLVLEILLLHVDAKACSEENAENRICTNCCAGRKGCNYYSADGTFICEGESDPNNPKACPRYCDTRIAYSKCPRSEGNAENRICTNCCAGRKGCNYYSADGTFICEGESDPNNPKACPRNCDTRIAYSKCPRSEGNAENRLCTNCCAGRKGCNYYSADGTFICEGESDPNNPKACPRNCDPNIAYSLCLYEK,4072,Capsicum annuum (Capsicum pepper)
A7TUH6,MAVHRVSFLALLLLFGMSLLVSNVEHADAKACPRNCDGRIAYEICPR,49451,Nicotiana attenuata (Coyote tobacco)
A0A218XK76,MGGRKAYLGVLLLLVCALLGDNNGGLVTSAKACPQYCLDVEYMTCPSTGEQQLSPKCNCCLAPKGCILHLSDGTSVTCS,22663,Punica granatum (Pomegranate)
Q84LJ9,MAVHRVSFLALLLLFGMSMLVSNVEHADAKACPRNCDGRIAYEICPRSEEKKNDRICTNCCAGTKGCKYFSDDGTFICEGESDPRNPKACPRNCDGRIAYGICPRSEEKKNDRICTNCCAGTKGCKYFSDDGTFICEGESDPRNPKACPRNCDGRIAYEICPRSEEKKNDRICTNCCTGTKGCKYFSDDGTFVCEGESDPRNPKACPRNCDGRIAYEICPRSEEKKNDRICTNCCAGTKGCKYFSDDGTFICEGESDPRNPKACPRNCDGRIAYEICPRSEEKKNDRICTNCCAGTKGCKYFSDDGTFICEGESDPRNPKACPRNCDGRIAYEICPRTEEKKNDRICTNCCAGTKGCKYFSDDGTFVCEGESDPRNPKACPRNCDERIAYGICPRTEEKKNNQICTNCCAGTKGCNYFSANGTFICEGESEYVSKVDEYVHEVENDLQKSRVAVS,49451,Nicotiana attenuata (Coyote tobacco)
Q6AVT6,MASIKLALPMALLLCGLMVIGSIQSAEAQGGKFCPQFCYDGLEYMTCPSTGSQHLKPACNCCIAGEKGCVLYLNNGQVINCT,39947,Oryza sativa subsp. japonica (Rice)
A3AMF1,MASIKLALPMALLLCGLMVIGSIQSAEAQGGKFCPQFCYDGLEYMTCPSTGSQHLKPACNCCIAGEKGCVLYLNNGQVINCT,39947,Oryza sativa subsp. japonica (Rice)
A0A6J0KC08,MESMATFKIWLMSLMITGAILAGVVPGVTITKTVNACPLYCLQVEYMTCASSGDEKLPPRCNCCLAPKNCTLHLSGSTSIHCTK,3726,Raphanus sativus (Radish) (Raphanus raphanistrum var. sativus)
R7WBW6,MATCRFHIACAPLLVCVMLLGKNQEGMEAVACHQYCLEVDYITCPSSGSEKLPARCNCCMAGKGCTLHLSGGINQTCN,37682,Aegilops tauschii (Tausch's goatgrass) (Aegilops squarrosa)
Q1WL29,MAVHRVSFLALLLLFGMSLLVSIVEHADAKACPRNCDGRIAYGICPRSEEKKNERICTNCCAGMKGCNYFSADGTFVCEGESDPRNPKACPRNCDGRIAYGICPRSEEKKNDRICTNCCAGTKGCSYFSADGTFVCKGESDPRNPKACPRNCDPRIAYGACPLSEEKKDNQICTNCCAGTKGCSYFSADGTFVCKGEFDPRNPKACPRNCDPRIAYGACPLSEEKKDNQICTNCCAGTKGCSYFSADGTFVCKGESDPRNPKACPRNCDPRIAFGICPLSEEKDNQICTNCCAGTKGCSYFSADGTFVCKGESDPRNPKACPRNCDPRIAYGACPLSEEKKNNQICTNCCAGMKGCNYFSANGTFICEGESEYVNKVENDLQKSMVAVF,81866,Nicotiana clevelandii (Wild tobacco)
A0A3L6S7X6,MATIKLALPVALLLCGLMVIGCSVQSAEAKPGRMCAMYCLDAKYMTCPPKDTEQLPPACNCCVAEKRGCTIYLSNGGVEKCP,4540,Panicum miliaceum (Proso millet) (Broomcorn millet)
A0A3L6SSN4,MAPLKASLQLLAPPPPTSKSWLRPWAGGHGGRHRLPQYCLEMDYVTCPSSGAEKLPARCNCCLTPKGCTLHLSSLGELEFFLWGAPVESVEPQNVASPARAPAPPPEEPSQTGPNSDHLYLPPQFWLMAEG,4540,Panicum miliaceum (Proso millet) (Broomcorn millet)
Q1WL37,MAVHRVSFLAFLLLFGMSLLVNNVEHADAKACPFNCDPRIAYGVCPRSEEKKNNQICTNCCAGTKGCNYFSADGTFVCKGESDPRNPKACPRNCDPRIDYRVCPRSEEKDNQICTNCCAGTKGCNYFSANGTFICEGESEYVSKVDE,200301,Nicotiana corymbosa
A0A3L6SGP2,MAASRVHITCALLLIGLVLLGQGQEGMEGAVACPQYCLEVDYLTCPSSGAEKLSARCNSCLTPKGCTLHLSDGTHQAC,4540,Panicum miliaceum (Proso millet) (Broomcorn millet)
A0A059BUH3,MARSNACCLALLLLCGAILLGMNPGTMVMSAVACPLVCLDVDYMTCPSTGDEHLSPQCNCCLAPKGCTLHLTDGTSVSCS,71139,Eucalyptus grandis (Flooded gum)
Q32YL3,MAVHKEVSSLAYLLVLGLMFLHVSAVKHVDAKPCTRECGNLGYGICPRSEGSPENPICTNCCSGYKGCNYYSANGTFICEG,109975,Solanum americanum (American black nightshade) (Solanum nodiflorum)
A0A6N2ANT3,MAFNKVAMLILFAIFAGTILLLSEVDAANACPRNCNPSIRYGRCPKSGNKKFKVGCTNCCSGTEGCNYFSANGTFICEGQTKKTIVEDPIDETNKVCPFNCNPRIAYSICPGNKRSEGRICTNCCAGRKGCNYFSADGTFVCEGESKVESS,4083,Solanum chilense (Tomato) (Lycopersicon chilense)
A0A6N2ANB8,MAVYKVSFLGHLLVLGMYLLVSTVEHANACTKECGYLGYGICPGSEGSPENPICTNCCSGYKGCNYYNANGTFICEGTSDPKNPNICPSYCDPQIAYSKCPRSEGKTIIYPTGCTTCCTGYKGCYYFGQDGEFVCEGESIEPKGCTKECDPRVAYMTCPSSGLAKLNQVCVNCCTAGEGCKLYDNDGSLICTGEPQSISTA,4083,Solanum chilense (Tomato) (Lycopersicon chilense)
A0A6N2B7H2,MAIHKVALLLLLGIILLVSNVEHTNAKACTKQCDPRIAFGICPHLQTKRINQICTNCCAGKKGCNYFSVDGTFICEGESEYVSEVDDNLEKHCPRNCDPRIAYAICPRSEISNKIDLSGICTNCCAGKKGCYYFSVDGTFICEGESDYVSKIKNDVGKACPFNCDPRIAYGICPHSKISNKIDLNGICTNCCAGKKGCNYFSANGTFICEGESEYVSEGENNLQKSKIFIS,4083,Solanum chilense (Tomato) (Lycopersicon chilense)
A0A1S4A0N1,MAVHRVSFLALVLLFGMSLLVSNVEHADAKACPFNCDPRIAYGVCPRLEEDKNNQICTNCCAGTKGCNYFSADGTFICKGQSDPRNPKACPRNCDPRIAYGVCPRLEEKKDNQICTNCCAGTKGCNYFSADGTFVCKGQSDPRNPKACPRNCDPRIAYGVCPRSEEKKDNQICTNCCAGTKGCNYFSADGTFVCKGQSDPRNPKACPRNCDPRIDYGVCPRSEEKDNQICTNCCAGTKGCNYFSADGTFVCKGQSDPRNPKACPRNCDPRIAYRVCPRSEEKEDNQICTNCCAGTKGCNYFSANGTFVCKGQSDPRNPKACPRNCDPRIAYGVCPRSEEEKNNQICTNCCGGTKGCNYFSANGTFICEGESEYVSKVDEYVREVENDLQKSKVAVS,4097,Nicotiana tabacum (Common tobacco)
A0A1S3YL26,MAFYKASILSLLLLSGIFLLGIGEVKYVNAKSCLQFCDNEVAYMTCPSSGDEQISPVCVNCCTADEGCKLFRTDGSLICTGTQD,4097,Nicotiana tabacum (Common tobacco)
Q9LW92,CDPDVAYMVCPSTRQKITKPCVNCCSPKKGCKLFRSNGSVKCTGT,4097,Nicotiana tabacum (Common tobacco)
A0A6N2AEF6,MVMAINRVICLALLLLSGTFLLGSKVESADGKACTRNCDPDVAYMVCPSSGHRIIKQVCVNCCSARKGCKLFRNNGSVKCIGN,4083,Solanum chilense (Tomato) (Lycopersicon chilense)
A0A6N2AQH0,MAVHKDNVSFFASLLVLGLMFLHVSAEIDQGRDIINPKPCTRECGNFSYAICPRSEGSPRTPICTTCCAGYKGCKYYNANGTFICEGQSDPRKPNEHCSKECDRKIAYSKCPRSEGPTKIKPTGCTSCCTGYKGCYYYGKNNKFVCEGQSNEPKVCTQQCDPKVAYMTCPPESTKLTRVCVNCCTAKPGCKLYGHDGSLICIGSVKPH,4083,Solanum chilense (Tomato) (Lycopersicon chilense)
Q1WL43,MAVHRVSFLALLLLLGMSLLVSNVEHADAKACPLNCDPRIAYGVCPRSEEKKNDRICTNCCAGTKGCKYFSDDGTFVCEGESDPRNPKACPRNCDPRIAYGICPLSEEKKNDRICTNCCAGTKGCKYFSDDETFVCEGESDPRNPEACPRNCDPRIAYGICPLSEEKKNDRICTNCCAGKKGCKYFSNDGTFVCEGESDPRNPKACTLNCDPRIAYGICPLSEEKKNDRICTNCCAGKKGCKYFSDDGTFVCEGESDPRNPKACTLNCDPRIAYGICPLSEEKKNDRICTNCCAGKKGCKYFSDDGTFVCEGESDPRNPKACPRNCDGRIAYGICPLSEEKKNDRICTNCCAGKKGCKYFSDDGTFICEGESEYASKVDEYVREVENDLQKSKVAVS,4097,Nicotiana tabacum (Common tobacco)
A0A1S3X5H6,MASSKFGVFTLLFLCVFLLGRNYVESKETKYCTQDCLPNVWYMTCPSSGNKKLYPLCINCCRTPKGCKLFGPNDYLILYWPNVIDHFENYQMGYYFTSIISWL,4097,Nicotiana tabacum (Common tobacco)
A0A1S4CNR9,MAVHRVSFLALLLFGMSLLVSNVEYADAKACPRNCDGRIAYGICPRSEEKKDNQICTNCCAGTKGCNYFSADGTFVCEGESDPRNPKACPRNCDGRIAYGVCPRSEEKKDNQICTNCCAGTKGCNYFSADGTFVCEGESDPRNPKACPRNCDGRIAYGVCPRSEEKKDNQICTNCCAGTKGCNYFSADGTFVCEGESDPRNSKACPRNCDGRIAYGVCRSSEEKKNNQICTNCCAGTKGCNYFSADGTFVCKGKFDPRNPRPCPRNCDPRITYGVCPRSEEKKNNQICTNCCAGIKGCNYFSVDGTFVCEGESDPRNSKACPRNCDPRITYGVCPRSEEKKNNQICTNCCAGMKGCNYFSVNGTFICEGESEYANKVENDLQKSKVAVF,4097,Nicotiana tabacum (Common tobacco)
A0A1S4DR24,MGLLLYQDNFMAIHRVAFLAILLLSGAILLGNKVKCADGKACTRNCDPDVAYMVCPSTRQKITKPCVNCCSAKKGCKLFRSNGSVKCTGT,4097,Nicotiana tabacum (Common tobacco)
Q7M1P5,DRICTNCCAGTKGCKYFSDDGTFVCEGESDPRNPKACPRNCDPRIAYGICPLS,4097,Nicotiana tabacum (Common tobacco)
A0A6N2B9W0,MAIHKVALLLLFGMILLASDFEHANAKACTKECDGRISYGLCPVSQTKRVDGICINCCSGIIGCKYFSKDYTFICNGESKWFGEKACTRECDPRIDIGICASDLTEKVDALCTNCCAGKKGCNYFDENGTFICEGESEGENTLQKSNLAIS,4083,Solanum chilense (Tomato) (Lycopersicon chilense)
Q9SQ77,MAAHRVSFLALLLLFGMSLLVSNVEHADAKACTLNCDPRIAYGVCPRSEEKKNDRICTNCCAGTKGCKYFSDDGTFVCEGESDPRNPKACTLNCDPRIAYGVCPRSEEKKNDRICTNCCAGTKGCKYFSDDGTFVCEGESDPKNPKACPRNCDPRIAYGICPLSEEKKNDRICTNCCAGKKGCKYFSDDGTFVCEGESDPRNPKACPRNCDGRIAYGICPLSEEKKNDRICTNCCAGKKGCKYFSDDGTFICEGESEYASKVDEYVGEVENDLQKSKVAVS,4087,Nicotiana alata (Winged tobacco) (Persian tobacco)
A0A6N2BD76,MAFYKVGILSLLLLSGIFLLGIQVEFTNAKSCLQYCDDEVAYMTCPSSGDEQISQVCVNCCTADEGCKLFKTDGSLICTGTKD,4083,Solanum chilense (Tomato) (Lycopersicon chilense)
A0A1S4CPA1,MAVHRVSFLALLLFGMSLLVSNVEYADAKACPRNCDGRIAYGICPRSEEKKDNQICTNCCAGTKGCNYFSADGTFVCEGESDPRNPKACPRNCDGRIAYGVCPRSEEKKDNQICTNCCAGTKGCNYFSADGTFVCEGESDPRNPKACPRNCDGRIAYGVCPRSEEKKDNQICTNCCAGTKGCNYFSADGTFVCEGESDPRNSKACPRNCDGRIAYGVCRSSEEKKNNQICTNCCAGTKGCNYFSADGTFVCKGKFDPRNPRPCPRNCDPRITYGVCPRSEEKKNNQICTNCCAGIKGCNYFSVDGTFVCEGESDPRNSKACPRNCDPRITYGVCPRSEEKKNNQICTNCCAGIKGCNYFSVDGTFVCEGESDPRNSKACPRNCDPRYALIVAQA,4097,Nicotiana tabacum (Common tobacco)
Q1WL38,MAVHRVSFLAFLLLFGTSLLVSNVEHADAKACPFNCDPRIAYGVCPRSEEKKNNQICTNCCAGTKGCNYFSADGTFVCKGESDPRNPKACPRNCDPRIDYRVCPRSEEKDNQMCTNCCAGTKGCNYFSADGTFVCKGESDPRNPKACPRNCDPRIDYRVCPRSEEKDNQICTNCCAGTKGCNYFSVDGTFVCKGESDPRNPKACPRNCDPRIDYRVCPRSEEKDNQICTNCCAGTKGCNYFSANGTFVCKGESDPRNPKACPRNCDPRIDYRVCPRSEEKDNQICTNCCAGTKGCNYFSADGTFVCKGESDPRNPKGCPRNCDPRIDYRVCPRSEEKNNQICTNCCAGTKGCNYFSADGTFVCKGESDPRNPKACPRNCDPRIDYRVCWHSEEKNNQICTNCCAGTKGCNYFSANGTFICEGESEYVSKVDE,4086,Nicotiana acuminata (Acuminate tobacco)
A0A0E0GTG1,MASIKLALPMALLLCGLMVIGSIQSAEAQGGKFCPQFCYDGLEYMTCPSTGSQHLKPACNCCIAGEKGCVLYLNNGQVINCT,4536,Oryza nivara (Indian wild rice) (Oryza sativa f. spontanea)
A0A1S4BIG0,MAVHKAGFLSLLLLFGIFLLLSELEYADAKACTRNCNPRIRYGRCPKSGNKKFSLGCTNCCAGSLGCNYYSANGTFICEGESEIKVETIETEVETMVEPNKICPRNCDPKIRYGRCPKSGNKKFNVGCTNCCAARKGCNYFSANGTFVCEGETETKVEIIETKVEMRK,4097,Nicotiana tabacum (Common tobacco)
Q40378,MAVHRVSFLALLLLFGMSLLVSNVEHADAKACTLNCDPRIAYGVCPRSEEKKNDRICTNCCAGTKGCKYFSDDGTFVCEGESDPRNPKACTLNCDPRIAYGVCPRSEEKKNDRICTNCCAGTKGCKYFSDDGTFVCEGESDPRNPKACPRNCDPRIAYGICPLAEEKKNDRICTNCCAGKKGCKYFSDDGTFVCEGESDPKNPKACPRNCDGRIAYGICPLSEEKKNDRICTNCCAGKKGCKYFSDDGTFVCEGESDPKNPKACPRNCDGRIAYGICPLSEEKKNDRICTNCCAGKKGCKYFSDDGTFVCEGESDPRNPKACPRNCDGRIAYGICPLSEEKKNDRICTNCCAGKKGCKYFSDDGTFICEGESEYASKVDEYVGEVENDLQKSKVAVS,4087,Nicotiana alata (Winged tobacco) (Persian tobacco)
Q3SBE6,MAVHKVSFLALLLLLGMSLLVSNVEHADAKACPLNCDPRIAYGVCPRSEEKKNDRICTNCCAGTKGCKYFSDDGTFVCEGESDPRNPKACPRNCDPRIAYGICPLSEEKKNDRICTNCCAGKKGCKYFSDDGTFVCEGESDPRNPKACTLNCDPRIAYGICPLSEEKKNDRICTNCCAGKKGCKYFSDDGTFVCEGESDPRNPKACPRNCDGRIAYGICPLSEEKKNDRICTNCCAGKKGCKYFSDDGTFICEGESEYASKVDEYVREVENDLQKSKVAVS,4097,Nicotiana tabacum (Common tobacco)
A0A1S4CNP7,MAVHRVSFLALLLFGMSLLVSNVEYADAKACPRNCDGRIAYGICPRSEEKKDNQICTNCCAGTKGCNYFSADGTFVCEGESDPRNPKACPRNCDGRIAYGVCPRSEEKKDNQICTNCCAGTKGCNYFSADGTFVCEGESDPRNPKACPRNCDGRIAYGVCPRSEEKKDNQICTNCCAGTKGCNYFSADGTFVCEGESDPRNSKACPRNCDGRIAYGVCRSSEEKKNNQICTNCCAGTKGCNYFSADGTFVCKGKFDPRNPRPCPRNCDPRITYGVCPRSEEKKNNQICTNCCAGIKGCNYFSVDGTFVCEGESDPRNSKACPRNCDPRYALIVAQA,4097,Nicotiana tabacum (Common tobacco)
A0A1S3Z2Q3,MAVHKVGFLSLLLLFGTFLLLSEVDYADAKACTRNCNPRIRYGRCPKSGNKKFNVGCTNCCAGSLGCNYYSANGTFVCEGESETKVETIETDVETIETEVETMVESNKVCPRNCDPKIRYGRCPKSGNKKFNVGCTNCCAAKKGCNYFSANGTFVCEGETETKVETIETEVETMVELNKVCPFNCDGRISYSVCGNKKSSGRICTNCCAARKGCNYFSADGTFVCKGESVVESMIEAVKPCRRNCDGRISYSVCGNKKSSGRICTNCCAGKKGCNYFSADGTFVCEGESGVESI,4097,Nicotiana tabacum (Common tobacco)
A0A1S3YZT7,MAVHRVSFLALLLLFGMSLLVSNVEHAHAKACPFNCDPRIAYGVCPRLKEKKNNQICTNCCAGTKGCNYFSTDGTFICKGESDPRNPKACPRNCDPRIAYGLCPLSKEKDNRICINCCAGTKGCNYFSADGTFVCKGESDPRNPKVCPLNCDPRIAYGLCPLSEEKKDNQICTNCCAGTKGCNYFSANGTFVCKGESDPRNPKACPRNCDPRIAYGLCPLSEEKKDNRICTNCCAGKKGCNYFSADGTFVCKGESDPRNPKVCPLNCDPRIAYGLCPLSEEKKDNQICTNCCAGTKGCNYFSADGTFVCKGESDPRNPKACPRNCDPRIAYGVCPRSEEKKNNQICTNCCAGMKGCNYFSANGTFICEGESEYVSKVDEYVREVENDLQKSKVAVS,4097,Nicotiana tabacum (Common tobacco)
A0A1S3XF39,MAIHKVGFLALLLLFGTLVLGSKMATAAEEEKSCPRDCISDAAYMVCPTRHRQHKLIESYCDNCCTLPENCKLFKENGDLICTGTDY,4097,Nicotiana tabacum (Common tobacco)
B3F0C1,MAVHKVSFLALVLLFGMSLLVSNVEHADAKACPFNCDPRIAYGVCPRLEEDKNNQICTNCCAGTKGCNYFSADGTFICKGQSDPRNPKACPRNCDPRIAYGVCPRLEEKKDNQICTNCCAGTKGCNYFSADGTFVCKGQSDPRNPKACPRNCDPRIAYGVCPRSEEKKDNQICTNCCAGTKGCNYFSADGTFFCKGQSDPRNPKACPPNCDSRIDYGVCPRSEEKDNQICTNCCAGTKGCNYFSADGTFVCKGQSDPRNPKACPRNCDPRIAYRVCPRSEEKEDNQICTNCCAGTKGCNYFSANGTFVCKGQSDPRNPKACPRNCDPRIAYGVCPRSEEEKNNQICTNCCGGTKGCNYFSANGTFICEGESEYVSKVDEYVREVENDLQKSKVAVS,4097,Nicotiana tabacum (Common tobacco)
A0A1S3Y6L6,MAIHRVAFLALLLLSGAVLLGSKVEGADGKACTRNCDPDVAYMVCPSTGQRITKPCVNCCSARKGCKLFRSNGSVKCTGT,4097,Nicotiana tabacum (Common tobacco)
M5XRU0,MTTRYFAYLQPSKIHQKGSILLGINPSTAKICPQYCTDQAGYMTCPSSGNTQLSPSCNCCLAPAGCTLYRADGTSICTGT,3760,Prunus persica (Peach) (Amygdalus persica)
A0A4U6SRV0,MVIGCSIQSAEAKPGRVCAMYCLNGTYMTCPPKDPEKLPPACNCCLAKKRGCTIYLSDGGAVSGEMPMESLIMKSKSKNEIDSCCLARTA,4556,Setaria viridis (Green bristlegrass) (Setaria italica subsp. viridis)
A0A6P4CKN6,MRHRIIYSPSSPSTSMYATKKMAFNNARVILLVLLVVYGATFLGGEMKGVDAKICPQICYGASYMTCPSSGDRRLSPKCNCCVASTGCTLYNGDGTTICTAP,130453,Arachis duranensis (Wild peanut)
Q9SDW7,VHRASFRALLLLFGISLLVSTVEHADAKACPRNCDRRIAYGICPRSEEKNNDRICTNCCAGMKGCNYFSADGTFVCEGESGPKNPKACPRNCDGRIAYGVCPRKEEKKNNWICTNCCAGTKGCNYFSADGTFVCEGESDPRNPKACPRNCDPRISDEICPRSEEKNNNQICTNCCAGTKGCNYFSADGTFVCEGEYDPKNPKACPRNCDPRISYGVCPRSEEKNNNQICTNCCAGTKGCNYFSADGTFVCEGEYDPKNPKACPRNCDGRIDYGVCPRSEEKKNNQICTNCCAGTKGCNYFSADGTFVCEGESDPRNPKACPLNCDGRIAYEICPRTEEKKTNQICTNCCAGTKGCNYFNANGTFICEGESEYVNKVENDLEKSKVLFSKS,35889,Nicotiana glutinosa (Tobacco)
T1PZ72,MAVPKEVSFLAFLLVLEILLLHVDAKACSEENAENRICTNCCAGRKGCNYYSADGTFICEGESDPNNPKPCTLNCDPRIFYSKCPRSEGNAENRICTNCCAGRKGCYYYSDDGTFICEGESDPNNPKPCPRNCDTRIAYSICPRSEGNAENRICTNCCAGRKGCNYYSADGTFICEGESDPNNPKACPRNCDPNIAYSLCLYEK,4072,Capsicum annuum (Capsicum pepper)
Q4Z8K3,MAVPKEVSFLAFLLVLEILLLHVDAKACSEENAENRICTNCCAGRKGCNYYSADGTFICEGESDPNNPKACPRYCDTRIAYSKCPRSEGNAENRICTNCCAGRKGCNYYSADGTFICEGESDPNNPKACPRYCDTRIAYSKCPRSEGNAENRLCTNCCAGRKGCNYYSADGTFICEGESDPNNPKACPRNCDPNIAYSLCLYEK,4072,Capsicum annuum (Capsicum pepper)
T1PZ68,MAVPKEVSFLAFVLVLGILLXHVDAKACSEENAENRICTNCCAGRKGCNYYSADGTFICEGESDPNNPKPCTLNCDPRIFYSKCPRSEGNAENRICTNCCAGRKGCYYYSDDGTFICEGESDPNNPKPCPRNCDTRIAYSICPRSEGNAENRICTNCCAGRKGCNYYSADGTFICEGESDPNNPKACPRNCDPNIAYSLCLYEK,4072,Capsicum annuum (Capsicum pepper)
A0A2G3A0S4,MAVPKEVCFLASLLVLGILLLHVDAKACSQRNAKEPICTNCCAGRKGCNYYSADGTFICEGESDPNNPKPCTLNCDPRIFYSKCPRSEGNAENRICTNCCAGRKGCNYYSADGTFICEGESDPNNPKPCTLNCDPRIFYSKCPRSEGNAENRICTNCCAGRKGCNYYSADGTFICEGESDPNNPKPCTLNCDPRIFYSKCPRSEGNAENRICTNCCAGRKGCNYYSADGTFICEGESDPNNPKPCPRNCDTRIAYSKCPRSEGNAENRICINCCAGRKGCNYYSADGTFICEGESDPNNPKPCTLNCDPRIFYSKCPRSEASAEQPICTNCCAGLKGCNYYNADGTFICEGESDPNHPKACPKNCDPNIAYSLCLYEK,4072,Capsicum annuum (Capsicum pepper)
T1PZ73,MAVPKEVSFLAFLLVLEILLLHVDAKACSEENAENRICTNCCAGRKGCNYYSADGTFICEGESDPNNPKACPRYCDTRIAYSKCPRSEGNAENRICTNCCAGRKGCNYYSADGTFICEGESDPNNPKACPRNCDTRIAYSKCPRSEGNAENRLCTNCCAGRKGCNYYSADGTFICEGESDPNNPKACPRNCDPNIAYSPCLYEK,4072,Capsicum annuum (Capsicum pepper)
T1PZA9,MAVPKEVSFLAFLLVLEILLLHVDAKACSEENAENRICTNCCAGRKGCNYYSADGTFICEGESDPNNPKACPRYCDTRIAYSKCPRSEGNAENRICTNCCAGRKGCNYYSADGTFICEGESDPNNPKACPRNCDPNIAYSLCLYEK,4072,Capsicum annuum (Capsicum pepper)
A0A097J9D8,MAVPKEVSFLGYLLVLGIFLHHVDGKACTRECGNLGYGICPRSEGSAEEPICTNCCAGYKGCKYYSADGTFICEGESDPKNPKGCPRNCDPRIAYSRCPRSQGETLIYPTGCTTCCTGYKGCYYFGKDGKFLCEGESTEPKACTLECDPRVAYMTCPSTGLAKIKDVCVNCCTAGEGCKLYGHNGSLLCTGESQSISTA,4072,Capsicum annuum (Capsicum pepper)
A0A097J9C5,LLVLEILLLHVDAKACSEENAENRICTNCCAGRKGCNYYSADGTFICEGESDPNNPKACPRYCDTRIAYSKCPRSEGNAENRLCTNCCAGRKGCNYYSADGTFICEGESDPNNPKACPRNCDTRIAYSKCPRSEGNAENRLCTNCCAGRKGCNYYSADGTFICEGESDPNNPKACPRNCDPNIAYSLCLYEK,4072,Capsicum annuum (Capsicum pepper)
A0A2G3A0X2,MAVPKEVSFPACLLVLGMFVIANAVELGDDIKVCTMECGNFAYGICPRSEGSPICTNCCSGYKGCNYYSANGTFICEGRSDPRKTNICTQHCDPRVAYSKCPRSGGNTIIKHTECTTCCTGYKGCYYFGHDGKFVCEGQSSEPRACTLECDPKVAYMTCPSSGSTKLTRICVNCCTARVQGCKLYGPDEFLLCTGDPRNY,4072,Capsicum annuum (Capsicum pepper)
A0A1U8FJ97,MAIHRVVFLALLLLSGTVLLGSRVESAAAKACPRNCDTDIAYMVCPSSGERIIRKVCTNCCAAQKGCKLFRSNGSIKCTGT,4072,Capsicum annuum (Capsicum pepper)
T1PZL0,MAVPKEVSFLAFLLVLEILLLHVDAKACSEENAENRICTNCCAGRKGCNYYSADGTFICEGESDPNNPKACPRYCDTRIAYSKCPRSEGNAENRLCTNCCAGRKGCNYYSADGTFICEGESDPNNPKACPRNCDTRIAYSKCPRSEGNAENRLCTNCCAGRRGCNYYSADGTFICEGESDPNNPKACPRNCDPNIAYSLCLYEK,4072,Capsicum annuum (Capsicum pepper)
T1PZE6,MAVPKEVSFLAFLLVLGESDPNNPKACPRYCDTRIAYSKCPRSEGNAENRICTNCCAGRKGCNYYSADGTFICEGESDPNNPKACPRYCDTRIAYSKCPRSEGNAENRICTNCCAGRKGCNYYSADGTFICEGESDPNNPKACPRNCDPNIAYSLCLYEK,4072,Capsicum annuum (Capsicum pepper)
A0A328EAU2,MGNNVEQVNAQICTQECNPNAAYMICQPNNKKTKNVCTNCCKIQNTRCHIYTSKDGLIC,267555,Cuscuta australis
A0A097J9D7,VSFLASLLVLEILLLHVDAKACSEENAENRICTNCCAGRKGCNYYSADGTFICEGESGPNNPKACPRYCDTRIAYSKCPRSEGNAENRICTNCCAGRKGCNYYSADGTFICEGESDPNNPKACPRYCDTRIAYSKCPRSEGNAENRLCTNCCAGRKGCNYYSADGTFICEGESDPNNPKACPRNCDPNIAYSLCLYEK,4072,Capsicum annuum (Capsicum pepper)
T1PZ89,MAVPKEVSFLAFLLVLEILLLHVDAKACSEENAENRICTNCCAGRKGCNYYSADGTFICEGESDPNNPKACPRNCDTRIAYSKCPRSEGNAENRLCTNCCAGRKGCNYYSADGTFICEGESDPNNPKPCPRNCDTRIAYSICPRSEGNAENRICTNCCAGRKGCNYYSADGTFICEGESDPNNPKACPRNCDPNIAYSLCLYEK,4072,Capsicum annuum (Capsicum pepper)
T1PZF8,MAVPKEVSSLAFVLVLGILFLHVDAKACSEENAENRICTNCCAGRRGCNYYSADGTFICEGESDPNNPKPCTLNCDPRIFYSKCPRSEGNAENRICTSCCAGRKGCYYYSDDGTFICEGESDPNNPKPCPRNCDTRIAYSICPRSEGNAENRICTNCCAGRKGCNYYSADGTFICEGESDPNNPKACPRNCDPNIAYSLCLYEK,4072,Capsicum annuum (Capsicum pepper)
T1PZ90,MAVPKEVSFLAFVLVLGILLLHVDAKACSEENAENRICTNCCAGRKGCNYYSADGTFICEGESDPNNPKPCTLNCDPRIFYSKCPRSEGNAENRICTNCCAGRKGCYYYSDDGTFICEGESDPNNPKPCPRNCDTRIAYSICPRSEGNAENRICTNCCAGRKGCNYYSADGTFICEGESDPNNPNACPRNCDPNIAYSLCLYEK,4072,Capsicum annuum (Capsicum pepper)
A0A251RIY1,MARDKNIGPMVLLLVFGSILLGINPSTAKICPQYCTDQAGYMTCPSSGNTQLSPSCNCCLAPAGCTLYRADGTSICTGT,3760,Prunus persica (Peach) (Amygdalus persica)
I7AXR4,VSKVGIFTLLLICGLFFLGSNVNYAEAETKICTKECLNVGYMICPSSGPQKLHPSCTNCCRAQKGCKLYRSDGTLICT,4146,Olea europaea (Common olive)
A0A328D7B9,MRGTDFVTPPSVTKWAFHGENGVRVNADEIYCSDYCNPIVAYMRCPPNDTRFEDVCKNCCNIKNQPQYKGCHLFQANGTLIC,267555,Cuscuta australis
A0A328DMQ9,MALSNKIGFFIILLVCGMILEGKNGNAETICTLECNTKAVYIRCLPDKKKTKIGSGGCTNCCVSRKRGCQLYDSNDRRLCAPLIAN,267555,Cuscuta australis
A0A6A1V0G1,MAKYLGFTVLLLVYGVILLGNYPEKIMSAPPCPFPCFVDVEYVTCPSSGDKKLDPQCSCCLAPKNCTLHLADGTLIQC,262757,Morella rubra
A0A097H1A1,MAVHKEVNFVAYLLIVLGLLVLVSAMEHVDAKACTLECGNLGFGICPRSEGSPENRICTNCCAGYKGCNYYSANGAFICEGESDPKNPNVCPRNCDTNIAYSKCLRSEGKSLIYPTECTTCCTGYKGCYYFGKNGKFVCEGESDEPKANMYPAM,4113,Solanum tuberosum (Potato)
Q4ZIQ5,MAVPKEVSFLASLLVLGILLLHVDAKACSQRNAKEPICTNCCAGRKGCNYYSADGTFICEGESDPNNPKPCTLNCDPRIFYSKCPRSEGNAENRICTNCCAGRKGCNYYSADGTFICEGESDPNNPKPCPRNCDTRIAYSKCPRSEGNAENRICTNCCAGRKGCNYYSADGTFICEGESDPNNPKPCTLNCDPRIFYSKCPRSEASAEQPICTNCCAGLKGCNYYNADGTFICEGESDPNHPKACPKNCDPNIAYSLCLYEK,4072,Capsicum annuum (Capsicum pepper)
A0A097H191,MAIHKVALLLVFGIILLASDFEHADAKECDPRIDFGICPYLGTKKVDGICINCCSGYKECKYFSKDYTFICDGESTDWQSGKACSKECDRRIEFGICVTDLTKTVNGLCTTCSAGKKGCKYFNNNGTYICDGEYEWLSEGENDLQKSNVAIS,4113,Solanum tuberosum (Potato)
M0ZPU5,MAFCKVGILSLLLLSGIFLLGVEVEYGNAQKMCLQVCDNEVAYMTCPSSGDEKITEVCVNCCTADEGCKLYRADGSLICTGTPE,4113,Solanum tuberosum (Potato)
M7ZEF2,MATSRLHIACALLLAGVVLLGQNQEGMEAVACPQYCLEVDYITCPSSGSQKLPARCNCCMAPKGCTLHLSDGINQTCS,4572,Triticum urartu (Red wild einkorn) (Crithodium urartu)
A0A072UHW5,MALKVETILLVLVCGAIFSGGNLKNVDAQKICPQFCYDTVAYMTCPSTGGQHLYPKCNCCLASIGCILYEADGTPICTAV,3880,Medicago truncatula (Barrel medic) (Medicago tribuloides)
Q1WL30,MAVHRVSFLALLLLFGMSLLVSIVEHADAKACPRNCDGRIAYGICPRSEEKKNDRICTNCCAGMKGCNYFSADGTFVCEGESDPRNPKACPRNCDGRIAYGICPRSEEKKNDRICTNCCAGTKGCSYFSADGTFVCKGESDPRNPKACPRNCDPRIAYGACPLSEEKKDNQICTNCCAGTKGCSYFSADGTFVCKGESDPRNPKACPRNCDPRIAYGACPLSEEKKDNQICTNCCAGTKGCSYFSADGTFVCKGESDPRNPKACPRNCDPRIDFGICPLSEEKDNQICTNCCAGTKGCSYFSADGTFVCKGESDPRNPKACPRNCDPRIAYGACPLSEEKKNNQICTNCCAGMKGCNYFSANGTFICEGESEYVNKVENDLQKSMVAVF,278839,Nicotiana quadrivalvis
A0A075EZT7,MAVHKVSFVAHLLVLGMFLLLVDAKACTKECGNFAYGICPRSQGTPDDPICTTCCAGYKGCNYYSANGTFICEGSSDPKNPNVCPQFCDPDIAYSKCPRSEGETIINPTGCTTCCTGYKGCYYFGQDGEFVCEGESDEPKSCTTECDPRVATISCPFSGLVKINQECINCCNADKGCELYDNDGSLICTGGEPQSAA,4097,Nicotiana tabacum (Common tobacco)
Q84L56,MAVHKEVNFVAYLLIVLGLLVLVSAMEHVDAKACTLECGNLGFGICPRSEGSPENRICTNCCAGYKGCNYYSANGAFICEGESDPKNPNVCPRNCDTNIAYSKCPRSEGKSLIYPTGCTTCCTGYKGCYYFGKNGKFVCEGESDEPKANMYPAM,172790,Solanum phureja
A0A5S9WTC3,MVPYKIWVMSFIIAGAILGGIIPGVTTTKTAIACPLYCLQVEYMTCPSSGDNKLPPRCNCCLAPKNCTLHLSDSTTIHCSK,3702,Arabidopsis thaliana (Mouse-ear cress)
I3S093,MALKVGTILLVFVCGAILSGGNLKNVDAQKICPQFCYDSVAYMTCPSSGDQHLTPKCNCCLASTGCILYEADGTPICTAD,3880,Medicago truncatula (Barrel medic) (Medicago tribuloides)
A0A2I0AC47,MGSPKLSLGLMLILCGIILQCEVEEIKGALACPLYCLDVKYMTCTSSGGERLPGRCNCCLAPKGCTLHLTDGTTRFCVRYFP,1088818,Apostasia shenzhenica
A0A0E0KIP4,MASIKLALPMALLLCGLMVIGSIQSAEAQGGKICPQFCYDGLEYMTCPSTGSQHLKPACNCCIAGEKGCALYLNNGQVVNCT,4537,Oryza punctata (Red rice)
A0A4Y1QW28,MGSILLGINPSTAKICPQYCTDQAGYMTCPSSGNTQLSPSCNCCLAPAGCTLYRADGTSICTGT,3755,Prunus dulcis (Almond) (Amygdalus dulcis)
A0A3B5Z5G1,MATFRLHISCALLLAGVVLLGTNQGGMEAMACPQYCLEVDYITCPSSGSQKLPARCNCCMAPKGCTLHLPDGINQTCS,4565,Triticum aestivum (Wheat)
A0A067L586,MANSKLLVLPLLILYGIIAASVRAEACPLYCLDVEYMTCESSGEEKLSPRCNCCLAPKNCTLHLSDGTSIFCKPN,180498,Jatropha curcas (Barbados nut)
C5WLW2,MATIKACSSRLVPVALLLCGLIVMGSISGLEAKDKDGKVCIETCQEAYYMTCPSTGNAKLNPACNCCLASLKEDGCTIYLKDGTVEKCPRT,4558,Sorghum bicolor (Sorghum) (Sorghum vulgare)
A0A2G2V3L7,MAVPKEVSFLASLLVLGILLLHVDAKACSQRNAKEPICTNCCAGRKGCNYYSADGTFICEGESDPNNPKPCTLECDPRIFYSKCPRSEASAENRICTNCCAGRKGCNYYSADGTFICEGESDPNNPKACPRNCDTRIAYSKCPRSEGNAENRICTNCCAGRKGCNYYSADGTFVCEGESDPKNPKACTLDCDPRIFYSKCPRSEASAEEPICTNCCAGRKGCNYYSADGTFVCEGESDPNHPKACPKNCDPNIAYSLCLYEK,33114,Capsicum baccatum (Peruvian pepper)
A0A0K9S2T0,MEIKKIRVAALLLVFGVILIMGIGNMKKVDAQSDGDDDDEKICPQFCYDNLDYMTCRSTGDQKRTPSCNCCLAPTNDGCILYFANGDAPIVC,3562,Spinacia oleracea (Spinach)
A0A2G2WX27,MAFYKVGILSLLLLSGVFLLGIQVEYTSAKSCLQFCDNEVAYMTCPSSRDEQISPVCVNCCTANEGCKLFRKNGSLICTGTQD,33114,Capsicum baccatum (Peruvian pepper)
A0A2G2X8V0,MAVHKEVSFLAFLLVLGILLLHVDAKACSEENAENRICTNCCAGRRKGCNYYSADGTFICEGESDPNNPKACPRYCDTRIAYSKCPRSEGNAENRICTNCCAGRKGCNYYSADGTFICEGESDPNNPKACPRYCDTRIAYSKCPRSEGNAENRICTNCCAGRKGCNYYSADGTFICEGESDPNNPKACPRNCDPNIAYSLCLYEK,33114,Capsicum baccatum (Peruvian pepper)
A0A2G9G784,MAPSAGSRLQFLTILIYGILLVGINIVSSVKACPLYCLDVVSMTCNGTEVNFTSCNCCLAPKGCTLHLADGGSVYCG,429701,Handroanthus impetiginosus
A0A3B6GR13,MATCRFHIACAPLLVCVMLLGKNQEGMEAVACHQYCLEVDYITCPSSGSEKLPARCNCCMAGKGCTLHLSGGINQTCN,4565,Triticum aestivum (Wheat)
A0A2G9G672,MAPSAGLRFQLLSILIYACVISVGINMVSSKACPLYCLDVVSMTCNGTEVNFTRCNCCLAPKGCTLHLADGRSVYCS,429701,Handroanthus impetiginosus
A0A1B6Q2N4,MATSRFHMTCALLLLGAVLLGQQEQMGTEAVVCPLYCLQVDYMTCPSSGSEKLPAKCNCCLARAPKGCTLHLSDGTQQTCS,4558,Sorghum bicolor (Sorghum) (Sorghum vulgare)
A0A2G9H7E3,MAPSARLRFQLLSILIYACVISVGINMISSKACPLYCLDVVSMTCNGTEVNFTRCNCCLAPKGCTLHLADGRSVYCS,429701,Handroanthus impetiginosus
A0A6J5W8R3,MARDKNIGPMVLLLVFGMISHPSSTIVPILLLISYHFVRTERSSILLGINPSTAKICPQYCTDQAGYMTCPSSGNTQLSPSCNCCLAPAGCTIYRADGTSVCTGT,36596,Prunus armeniaca (Apricot) (Armeniaca vulgaris)
A0A6J5TTZ0,MAADKNIGAMVLLLVCGSILLLAINPTEAKVCNKICYGAAAYMTCPSSGSTQLDPVCNCCLAPALGCTLYESDGTPICTST,36596,Prunus armeniaca (Apricot) (Armeniaca vulgaris)
A0A2G2WK87,MAFCKVGILSLLLLSGIFLLGIEVEFGNAQKMCIQVCDPEVASMTCPSSGDEKINDVCVNCCTAAVGCKLFRSDGSLICTGTPE,33114,Capsicum baccatum (Peruvian pepper)
A0A2G2WK73,MAFCKVGILSLLLLSGIFLLGIEVEYGNAQKMCLQVCDPEVAYMTCPSSGDEKISDVCVNCCTAAVGCKLFRSDGSLICTGTPE,33114,Capsicum baccatum (Peruvian pepper)
A0A2G2WK98,MAISKIGILSLLLFSVVILLGISNMEKVEGKICPQICFDAAAYMMCPSSGTQKLAPTCNCCLAPQGCSLYYADRTLICTST,33114,Capsicum baccatum (Peruvian pepper)
A0A6J5TU65,MARDKNIGPMVLLLVFGMISHPSSTIVPILLLISYHLVRTERSSILLGINPSTAKICPQYCTDQAGYMTCPSSGNTQLLPSCNCCLAPAGCTIYRADGTSVCTGT,36596,Prunus armeniaca (Apricot) (Armeniaca vulgaris)
A0A2G2X8Q0,MAAHKEVSFLTYLLVLGLMFLLVSASTKHDHDDDDDHDHDHDHDDDDDDHNPKPPKPCTKECGNFDYGICPRSEGSPKNPICTTCCAGYKGCYYYDANGKLICEGQSDPRKPNKHCLGNCDPKIAYSKCPGRSEGKTIIKPTGCTTCCTGYKGCYYYGKDGKFVCEGESIEPRVCTQECDPRVAYMTCPSTGSTKHTRICVNCCTAKPGCKLYDRNGSLLCTGDPKNH,33114,Capsicum baccatum (Peruvian pepper)
C5XFQ3,MAASRFYVTCALLLIGVVLLGQQGIEGAVACPQYCLEVDYVTCPSSGSEKLPARCNCCLAPKGCTLHLSDGTQQTCS,4558,Sorghum bicolor (Sorghum) (Sorghum vulgare)
A0A2G2V3L6,MAVHKEVSFLGYLLVLGIFLHHVDGKACTRECGNLGYGICPRSEGSAEEPICTNCCAGYKGCKYYSADGTFICEGESDPNNPKACPRNCDPRIAYSKCPRSQGETLIYPTGCTTCCTGYKGCYYFGKDGKFVCEGESTEPKACTLECDPRVAYMTCPSAGLAKIKDVCVNCCTAGEGCKLYGHNGSLLCTGEPQSISTA,33114,Capsicum baccatum (Peruvian pepper)
A0A2G2WDG3,MASSKVGVLTLLLLCVLLVGSNYVESADAKICPQFCEPNIGYMTCPSTGHKKLYPKCINCCKAGKGCKLYRKNGSLRCTGT,33114,Capsicum baccatum (Peruvian pepper)
A0A2G2WK91,MDEARVGAPHELNFERFLLDVGRVIKFQVSIFGCAFVGTLALESCNVATAADDEKSCPRDCISDAAYMVCPTHHGRHKLIESYCDNCCTLPGNCKLFKENGDLICTGTDY,33114,Capsicum baccatum (Peruvian pepper)
A0A0V0H1C2,MAFHKVSFIACLLVLGMFLNTVDAKVCPRICGNFGYGLCPRSEGSPEKPICTNCCSGYKGCKYYSANGDLVCEGESDPRNPNDCSYECDTQIAYSKCPRSEGKMIIKPTGCTTCCTGYQGCYYFDQEGDFVCEGESPEPKAVA,4108,Solanum chacoense (Chaco potato)
M1AJ83,MILLASDFEHANAKKCDPRIDFGICPYLGTKKVDGICINCCSGFKECKYFSKDYTLICDGESKDWESRKACSKECDRRIEFGICVTDLTKTVNGLCTTCSAGKKGCKYFNNNGTYICDGEYEWLSEGENDLQKSNVAIS,4113,Solanum tuberosum (Potato)
M0ZPU7,MAFCKVGILSLLLLSGIFLLGIEVKYGNAQKMCLQVCDDEVAYMTCPSSGDEQISPVCVNCCTAGEGCKLFRADGSLICTGTPE,4113,Solanum tuberosum (Potato)
M1BKA9,MGSNKVGVLTLLLLCVFLVGSNYVEAQICPQFCEPNVDYMTCSSSGSTILRPTCINCCQARGRGCQLFRRDGSAICN,4113,Solanum tuberosum (Potato)
M1AJ82,MAIHKVALLLVFGMILLASDFEHANAKKCDPRIDFGICPYLGTKKVDGICINCCSGFKECKYFSKDYTLICDGESKDWESRKACSKECDRRIEFGICVTDLTKTVNGLCTTCSAGKKGCKYFNNNGTYICDGEYEWLSEGENDLQKSNVAIS,4113,Solanum tuberosum (Potato)
B0FZ75,MAIHKVALLPVFGMILLASDFEHANAKKCDPRIDFGICPYLGTKKVDGICINCCSGFKECKYFSKDYTFICDGESKDWESRKACSKECDRRIEIGICVTDLTKTVNGLCTTCSAGKKGCKYFNNNGTYICDGEYEWLSEGENDLQKSNVAIS,4113,Solanum tuberosum (Potato)
M0ZZR6,MAVHKEVSSLAYLLVLGLLVLVSAMEHVDAKACTLECGNLGYGICPRSEGSPENPICTNCCAGYKGCNYYSANGTFICEGQSDPKNPKACPRNCDPHIAYSKCSRSRGKTLIYPTGCTTCCTGYKGCYYFGKDGKFVCEGESIEPKACTLECDSRVAYMTCPSSGLAKLNQVCVNCCTAGEGCKLYGYDGSLICTGEPQSYISTT,4113,Solanum tuberosum (Potato)
A0A097H1D6,MAVHKEVNFVAYLLIVLGLLVLVSAMEHVDAKACTLECGNLGFGICPRSEGSPENRICTNCCAGYKGCNYYSANGAFICEGESDPKKPKACPRNCDPHIAYSKCPRSEGKSLIYPTGCTTCCTGYKGCYYFGKNGKFVCEGESDEPKANMYPAM,4113,Solanum tuberosum (Potato)
J7EN93,MDVHKEVNFVAYLLIVLGLLVLVSAMEHVDAKACTLECGNLGFGICPRSEGSPENRICTNCCAGYKGCNYYSANGAFICEGESDPKNPNVCPRNCDTNIAYLKCLRSEGKSLVYPAGCTTCCTGYKGGYYFGKNGKFVCEGESDEPKANMYPAM,4113,Solanum tuberosum (Potato)
A0A0V0GWC2,NGTFICEGNYDPRKQNTCPKNCDSKIAYSKCLLSEGNRVIENIECTSCCTGYKGCYYFGLDGKFVCEGKRSEPKICTQQCDPKVAYMICPSSGSTKLLTQICVNCCTAKADCKLYGHDGSLLCTGKPKIH,4108,Solanum chacoense (Chaco potato)
A0A2G2X8T6,MAVPKEVSFLAYLLVLAFSVTRGIFLLHADAKACTKECGNFAYGICPRSEGSAKEPICTNCCSGYKGCNYYSADGTFICEGEFDPKEGPKACPANCDPRIAYSKCPRSQGRRIDYPTGCTNCCTGYKGCYYFGKDGKFVCEGESTEPKKCPAICIIAAYMTCPSSGSVKIKVHCGNCCSLSEGCKLYRKDGSLICTGEPQISISAA,33114,Capsicum baccatum (Peruvian pepper)
A0A0D3APY5,MATYKIWLMSLMITGAILADVIPGVTITKTAIACPLYCLEVEYMTCPSSGDEKLPPRCNCCLAPKNCTLHLSGSTSIHCTK,109376,Brassica oleracea var. oleracea
D8SAC0,MAASFLFLTILSFQLLLISADDFAASGHRLQVCSDAVVTLDECSNCCTLEPGCIYLEPGTGSPVCLGGTSPARACLPICLPPKIKVCPSRWTNRIPISVLPPGKEPSNGCHLYNLKTGAPLPNGDDNSCLKDAVEICGGTVHPWKPGSCATCCTIPQGCMDLGHGKSVCVSGPGKACTLECGFASYVCPGPKSVALDFNSCHTCKKPLREGCKLYNRQGHQLCVKEDDLLQLA,88036,Selaginella moellendorffii (Spikemoss)
R0GJB3,MATNKILVMSLIIVGAMLGGVIPGVTTGKTAKACPLYCLQVEYMTCLSSGDAKLPPRCNCCLAPKNCTLHLSDSTSIHCK,81985,Capsella rubella
D8SAC2,MAASFLFLTILSFQLLLISADDFAASSHRLQVCSDAVVTLDGCSSCCALEAGCIYLEPGTGSPVCLGGTSPFRPCPLICHPPKIKVCPSRGTNRIPISVLPPDKEPSNGCHLYNLKTGAPLPNGDDNSCLKDAVEICGGTVHPWKPGSCATCCTIPQGCMDLGHGKSVCVSGPGKACTLECGFASYVCPGPKSVALDFNSCHTCKKPLREGCKLYNRRGHQLCVKEDDLLQLA,88036,Selaginella moellendorffii (Spikemoss)
D7TGT1,MGNMKFSVFVLLLVCGVVLLGETSKSFGAKACPLYCLDVDYMTCVSSGEEKLTAPCNCCLAPKQCTLHLVDGSEVQCD,29760,Vitis vinifera (Grape)
A0A438GUJ2,MLIHDALAGVVLLGETSKSFGAKACPLYCLDVDYITCVSSGEEKLTAPCNCCLAPKQCTLHLVDGSEVQCN,29760,Vitis vinifera (Grape)
D8RWY6,MMKGLGCFVLLLALSPCILAAVCPQYCIASADYVICESPSPAKKMKLAVSCAVVLLLVSYQCELVPACPQYCLSDADYVICNSPVPAKYPVSCGNCCFARSAVGSSKDCSIHFTDGRLQACGF,88036,Selaginella moellendorffii (Spikemoss)
D8QVL2,MAASFLFLTILSFQLLLISADDFAASGHRLQVCSDAVVTLDECSNCCTLEPGCIYLEPGTGSPVCLGGTSPARACLPICLPPKIKVCPSRWTNQIPISVLPPGKEPSNGCHLYNLKTGAPLPNGDDNSCLKDAVEICGGTVHPWKPGSCATCCSIPQGCLDLGHGKSICVSGPDKTCTFKCGSASYVCPGPKSVALDFNSCHTCRKPLKEGCKLYNRQGHQLCVKEDDLLQLV,88036,Selaginella moellendorffii (Spikemoss)
D8QVP9,MAASFLFLTILSFQLLLISAASSHRLQVCSDAVVTLEECSNCCALKAGCIYLEPGTGSPVCLGGTSPFRPCPLICQPPKIKVCPSPGTNQIPISVLPPDKEPSNGCHLYNLKTGAPLPVNGDDKSCLKDAVEICGGTVHPWTPGSCATCCTIPQGCLDLGHGKSICVSGPGKVCTRECGFVSYVCPGPKSVALDFNSCHTCKKPLKEGCKLYNRQGHQLCVKEDDLLQLA,88036,Selaginella moellendorffii (Spikemoss)
A0A0V0GNA2,MAIHKVALLLVFGMILLASDFKHADAKVWTKESDRRIDYGICPYLGTKKVGGPLCVNCCSGKIGCKYFNKNGTFICDGGSEWDGRKACSKECDPRIDIGFCAYVQTKIVNGLSTNCSAGKKGCKYFSNDGT,4108,Solanum chacoense (Chaco potato)
A0A1X9QDP7,MDVHMEVNFVAYLLIVLGLLVLVSAMEHVDAKACTLECGNLGFGICPRSEGSPENRICTNCCAGYKGCNYYSANGVFICEGQSDPKKPKACPPNCDPHIAYSKCPPSKGKSLIYPTGCTTCCTGYKGCYYFGKNGKFECERKSDEPKANMYPAM,4113,Solanum tuberosum (Potato)
A0A097H193,MAIHKVALLLVFGMILLASDFEHANAKKCDPRIDFGICPYLGTKKVDGICINCCSGFKECKYFSKDYTFICDGESKDWESRKACSKECDRRIEIGICVTDLTKTVNGLCTTCSAGKKGCKYFNNNGTYICDGEYEWLSEGENDLQKINVAIS,4113,Solanum tuberosum (Potato)
M1B8F9,MALYKVSFLAHLLFLGMFILVSRVEHVNACTKECGNLGYGICPGSEGSPENPICTNCCSGYKGCNYYNANGTFICEGTSDPKNPNTCPFYCDPQIAYSKCPRSEGKTIIYPTGCTTCCTGYKGCYYFGQEGEFVCEGESIEPKGCTQECDPRVAYMTCPSSGLAKLNEVCVNCCTAGEGCKLYEHDGSLLCTGEPQTSTA,4113,Solanum tuberosum (Potato)
M1DJV3,MFQLISATELDDATMFCTMECGKFSYTICPRSEGSPRNPICINCCAGYKGCNYYSANGTFICEGKSDPRKPNTCPKNCDSKIVYSKCPLSEGNRVIENIECTSCCTGYKGCYYFDLDGKFVCEGKRSEPKICTQQCDPKVAYMICPSSGSTKLLTQICVNCCTAKASCKLYGHDGSLLCTGKPKIH,4113,Solanum tuberosum (Potato)
M1AJ81,MAIHKVALLLVFGMILLASDFEHANAKKCDPRIDFGICPYLGTKKVDGICINCCSGFKECKYFSKDYTLICDGESKDWESRKACSKECDRRIEFGICVTDLTKTVNGLCTTCSAGSEYSSSANIQVDNRSKYRNALIKMKELRLALLNRTYTSLHPYTHQVQIRIYIICLSYML,4113,Solanum tuberosum (Potato)
A0A1X9QDN7,MDVHKEVNFVAYLLIVLGLLVLVSAMEHVDAKACTLECGNLGFGICPRSEGSPENRICTNCCAGYKGCNYYSANGAFICEGQSDPKKPKACPLNCDPHIAYSKCPRSEGKSLIYPTGCTTCCTGYKGCYYFGKNGKFVCEGE,4113,Solanum tuberosum (Potato)
M1D0E9,MAAHKVSFIACLLVLGMFLLVNTVDAKVCPRICGNFGYGLCPRSEGSPEKPICTNCCSGYKGCKYYSANGDLVCEGESDPRNPNDCSYECDTQIAYSKCPRSEGKMIIKPTGCTTCCTGYQGCYYFDQEGDFVCEGESPEPKAVA,4113,Solanum tuberosum (Potato)
J7EQ45,MDVHKEVSFVAYLLIVLGMFLYVDALGCTKECGNLGFGTCPRSEGSPTNPICINCCSGYKGCNYYSAFGRFICEGESDPKNPNVCPRNCDTNIAYSKCLRSEGKSLIYPTECTTCCTGYKGCYYFGKNGKFVCEGEIDEPKANMYPAM,4113,Solanum tuberosum (Potato)
K7W5K0,MAIHKVALLLIFGIILLASDFEHADAKECDPRIDFGICPYLGTKKVDGICINCCSGYKECKYFSKDYTFICDGESTDWQSGKACSKECDRRIEFGICVTDLTKTVNGLCTTCSAGKKGCKYFNNNGTYICDGEYEWLSEGENDLQKSNVAIS,4113,Solanum tuberosum (Potato)
A0A1X9QDP2,SEGSPTNPICINCCSGYKGCNYYSAFGRFICEGESDPKNPKACPLNCDTNIAYSRCPRSEGKSLIYPTGCTTCCTGYKDCYYFDKNGKFVCEGESDEPKA,4113,Solanum tuberosum (Potato)
M1B8F8,MAVHKQVSLFAYLLVLGMLLFVSAMEHADAKACTKECGNLGYGICPRSEGSPENPICTNCCAGYKGCNYYSANGTFICEGESDPKKPKVCPLNCDPHIAYSKCPRSGGNTLIYPTGCTTCCTGYKGCYYFGKDGKFVCEGESIEPKACTLECDSRVAYMTCPSSGLAKIYQVCVNCCTAGEGCKLYGHDGSLICTGEPQSYISTT,4113,Solanum tuberosum (Potato)
M1C853,AFKLNMYLISFFIGIFLLGIQVEYTNAKSCLQYCDDEVAYMTCPSSGDEQISQVCVNCCTADEGCKLFKTDGSLICTGTKD,4113,Solanum tuberosum (Potato)
M0ZPU4,MCLQVCDDEVAYMTCPSSGDEQISPVCVNCCTAGEGCKLFRADGSLICTGTPE,4113,Solanum tuberosum (Potato)
M1C854,MAFYKVGILSLLLLSGIFLLGIQVEYTNAKSCLQYCDDEVAYMTCPSSGDEQISQVCVNCCTADEGCKLFKTDGSLICTGTKD,4113,Solanum tuberosum (Potato)
A0A023UDB8,MAVHKEVNFVAYLLIVLGLLVLVSAMEHVDAKACTLECGNLGFGICPRSEGSPENRICTNCCAGYKGCNYYSANGAFICEGESDPKNPNVCPRNCDTNIAYSKCLRSEGKSLIYPTGCTTCCTGYKGCYYFGKNGKFVCEGESDEPKANMYPAM,4113,Solanum tuberosum (Potato)
M1C870,MAFYEVGILSLLLLSGIFLLGIQVEYTNAKSCLQYCDDKVAYMTCPSSGDEQISQVCVNCCTADEGCKLFKTNGSLICTGTKD,4113,Solanum tuberosum (Potato)
M1B8F7,MAVHKDVSFLACLLVLGLMFLHVSATIDQDRDIINPRLCTRECGNFSYAICPRSEGDPRNPICTTCCAGYKGCHYYSANGTFICEGQSDPRKPNERCSKECDRKIAYSKCPRSEGPTIIKPTGCTTCCTGYKGCYYYGKDNKFVCEGQSDEPKVCTQQCDPKVAYMTCPPESAKRTRICVNCCTAKPGCKLYGHDESLICVGGVKGH,4113,Solanum tuberosum (Potato)
A0A0V0HBN9,MAVHKEVSFVAYLLIVLGMFLHVDALGCTKECGNLGFGICPRSEGSPTNPICINCCSGYKGCNYYSAFGRFICQGESDPKNPNACPLNCDPNIAYSRCPRSEGKSLIYPTGCTTCCTGYKGCYYFGKNGKFVCEGESDEPKAYMSTA,4108,Solanum chacoense (Chaco potato)
C0SKK6,MAIHKVALLLVFGMILLASDFEHADAKECDPRIDFGICPYLGTKKVDGICINCCSGYKECKYFSKDYTFICDGESKDWQSRKACSKECDRRIEFGICVTDLTKTVNGLCTTCSAGKKGCKYFNNNGTYICDGEYEWLSEGENDLQKSNVAIS,4113,Solanum tuberosum (Potato)
A0A097H1D1,MAIHKVALLLVFGMILLASDFEHANAKKCDPRIDFGICPYLGTKKVDGICINCCSGFKECKYFSKDYTFICDGESKDWESRKACSKECDRRIEFGICVTDLTKTVNGLCTTCSAGKKGCKYFNNNGTYICDGEYEWLSEGENDLQKSNVAIS,4113,Solanum tuberosum (Potato)
J7EN94,MDVHKEVNFVAYLLIVLGLLVLVSAMEHVDAKACTLECGNLGFGICPRSEGSPENRICTNCCAGYKGCNYYSANGAFICEGESDPKNPNVCPRNCDTNIAYSKCLRSEGKSLIYPTGCTTCCTGYKGCYYFGKNGKFVCEGESDEPKANMYPAM,4113,Solanum tuberosum (Potato)
A0A0V0GZD4,MEHVDAKACTLECGNLGFGICPRSEGSPENRICTNCCAGYKGCNYYSANGAFICEGQSDPKKPKACPLNCDPHIAYSKCPRSEGKSLIYPTGCTTCCTGYKGCYYFGKNGKFVCEGESDEPKANMYPAM,4108,Solanum chacoense (Chaco potato)
J7EQ14,MDVHKEVNFVAYLLIVLGLLVLVSAMEHVDAKACTLECGNLGFGICPRSEGSPENPICTNCCAGYKGCNYYSANGAFICEGQSDPKKPKACPLNCDPHIAYSKCPRSEGKSLIYPTGCTTCCTGYKGCYYFSKNGKFVCEGESDEPKANMYPAM,4113,Solanum tuberosum (Potato)
A0A1X9QDN8,MDVHKEVSFVAYLLIVLGMFLYVDALGCTKECGNLGFGTCPRSEGSPTNPICINCCSGYKGCNYYSAFGRFICEGESDPKNPNVCPRNCDTNIAYSKCLRSEGKSLIYPTECTTCCTGYKGCYYFGKNGKFVCEGE,4113,Solanum tuberosum (Potato)
K7X8A9,MGSNKVGVLTLLLLCVFLVGSNYVEAQICPQFCEPNVDYMTCSSSGSTILRPTCINCSQARGRGCQLFRRDGSAICN,4113,Solanum tuberosum (Potato)
Q3S485,MEHVDAKACTLECGNLGFGICPRSEGSPENHICTNCCAGYKGCNYYSANGAFICEGQSDPKKPKACPLNCDPHIAYSKCPRSEGKSLIYPTGCTTCCTGYKGCYYFDKNGKFVCEGESDEPKANMYPAM,4113,Solanum tuberosum (Potato)
Q3S493,MAVHKEVNFVAYLLIVLGIFLLVSVVEHVDAKACTLECGNLGFGICPRLEGSPTNPICINCCSGYKGCNYYSAFGRFICEGESDPKNPKACPLNCDTNIAYSRCSRSKGKTLIYPTGCTTCCTGYKGCYYFGKNGKFVCEGESDEPKANMFPAM,4113,Solanum tuberosum (Potato)
J7EQ46,MDVHKEVSFVAYLLIVLGMFLYVDALGCTKECGNLGFGICPRSEGSPTNPICINCCSGYKGCNYYSAFGRFICEGESDPKNPKACPLNCDTNIAYSRCPRSEGKSLIYPTGCTTCCTGYKDCYYFDKNGKFVCEGESDEPKAYMSTA,4113,Solanum tuberosum (Potato)
O82735,VDAKACTLECGNLGFGICPRSEGSPENPICTNCCAGYKGCNYYSANGAFICEGQSDPKKPKACPLNCDPHIAYSKCPRSEGKSLIYPTGCTTCCTGYKGCYYFSKNGKFVCEGESDEPKANMYPAM,4113,Solanum tuberosum (Potato)
M1AJ80,MAFNKVALLILFAIFAGTILLLSQVDAEPACPRNCNPIIQYGRCPKSGNKKFKVGCTNCCSGTEGCNYFSANGTFICEGQTKKTIDETNKVCPFNCNPRIAYSICPGNKRSKGRICTNCCAGKKGCNYFSTDGTFVCEGESKVKSS,4113,Solanum tuberosum (Potato)
M1D3J7,MAIHRVVFLALLLLSGTFLLGSKVESADGKACTRNCDPDVAYMVCPSSGHRIIKQVCVNCCSARKGCKLFRKNGSVKCIGN,4113,Solanum tuberosum (Potato)
Q3S483,MAVHKEVNFVGYLLIVLGLLVLVSAMEHVDAKACTLECGNLGFGICPRSEGSPENHICTNCCAGYKGCNYYSANGAFICEGQSDPKKPKACPLNCDPHIAYSKCPRSEGKSLIYPTGCTTCCTGYKGCYYFDKNGKFVCEGESDEPKANMYPAM,4113,Solanum tuberosum (Potato)
J7ENS8,MDVHKEVNFVAYLLIVLGLLVLVSAMDHVDAKACTLECGNLGFGICPRSEGSPENRICTNCCAGYKGCNYYSANGAFICEGQSDPKKPKACPLNCDPHIAYSKCPRSEGKSLIYPTGCTTCCNVTLDLSIFWIGQLN,4113,Solanum tuberosum (Potato)
Q2XVY5,MAVHKVSFLALLLLLGMSLLVSNVEHADAKACPLNCNPRIAYGVCPRSEEKKNDRICTNCCAGTKGCKYFSDDGTFVCEGESDPRNPKACPRNCDPRIAYGICPLSEEKKNDRICTNCCAGTKGCKYFSDDETFVCEGESDPRNPKACPRNCDPRIAYGICPLSEEKKNDRICTNCCAGKKGCKYFSNDGTFVCEGESDPRNPKACTLNCDPRIAYGICPLSEEKKNDRICTNCCAGKKGCKYFSDDGTFVCEGESDPRNPKACTLNCDPRIAYGICPLSEEKKNDRICTNCCAGKKGCKYFSDDGTFVCEGESDPRNPKACPRNCDGRIAYGICPLSEEKKNDRICTNCCAGKKGCKYFSDDGTFICEGESEYASKVDEYVREVENDLQKFKVAVS,4097,Nicotiana tabacum (Common tobacco)
A0A1S3ZJX9,MAIHKVGFLALLLLFGTHVLGSKMATAAEEEKSCPRDCISDAAYMVCPTRHGRHKLIESYCDNCCTLPENCKLFKENGDLICTGTDY,4097,Nicotiana tabacum (Common tobacco)
A0A6N2AYM9,MAIYKVALLLLFGMILLASDFEHAKACTKECDIRIEFGICPFLQTKIINGLCTNCCAGKKGCKYFSKDGTYICDGESEWVSEKNNNLEKACTKECDTRIDFGICPLLETKRVEGLCTNCCAGKKGCKYFSQDGTYICDGESEWVSEKDNNLEKACTKECDTRIDFGICPLLETKRVEGLCTNCCAGKKGCKYFSADGTYICDGESEWVSEGENDLDKSNVAIS,4083,Solanum chilense (Tomato) (Lycopersicon chilense)
A0A022Q5A4,ILLVLESNAQYASAKVCPLYCIINQGIYMTCPSSGSQKLEPVCNCCLAKTGCKLYRDNGTLICTAT,4155,Erythranthe guttata (Yellow monkey flower) (Mimulus guttatus)
A0A2S3HWR8,MAASRVHITCALLLIGAVLLGQGQEGMEGAVACPQYCLEVDYVTCPSSGAEKLPARCNCCMTPKGCTLHLSDGTQQTC,206008,Panicum hallii
A0A068UQ46,MAISRINGVMAILLCGMILLSSNVEVKVVEACPQYCLDVEYMTCGNSETKLPPRCNCCLAPKGCTLHLADGTSQYCS,49390,Coffea canephora (Robusta coffee)
A0A453ELF2,MATCRFHIACAPLLVCVMLLGKNQEGMEAVACHQYCLEVDYITCPSSGSEKLPARCNCCMAGKGCTLHLSGGINQTCN,200361,Aegilops tauschii subsp. strangulata (Goatgrass)
A0A068UQY4,MAGTKVGVITLLLCAATILLGLKPELASAKVCPRFCYAAVAYMTCPPAPYKKLGPVCNCCMAKPGCKLFRADGTVICTAS,49390,Coffea canephora (Robusta coffee)
A0A068VJU5,MAGTKVGVITLLLCATILLGLKPEHASAKVCPFFCYAEVAYMTCPPAPYKKLGPVCNCCLAKPGCKLFRADGTVICTAS,49390,Coffea canephora (Robusta coffee)
A0A6A4R7C6,MDDVGVLFMKSVEGSSKICIEPLVCDDAAYMICPSSGSKHVAPACNCCYAPIGCKLYRANNTVICTST,3870,Lupinus albus (White lupine) (Lupinus termis)
A0A068VAL0,MAINKIGAMAILFCGMILLGANIEVKAVRQAPLRPCPRNCIGGTVYKVCNGTKTYTDCTNCCVSDGCTLYFEDGSSLYCDWPYAKY,49390,Coffea canephora (Robusta coffee)
Q1WL36,MAVHRVSFLALLLLLGMSLLVSNVEHADAKACTLNCDPRIAYGVCPRSEEKKNNQICTNCCAGTKGCNYFSADGTFVCEGESDPRNPKACPRNCDPRIAYGVCPRTEEKKDNQICTNCCAGTKGCNYFSANGTFICEGESDPRNPKACTLNCDPRIAYGVCPRSEEKKNNQICTNCCAGTKGCNYFSADGTFVCKGESDPRNPKACPRNCDPRIAYGVCPRTEEKKDNQICTNCCAGTKGCNYFSANGTFICEGESDPRNPKACTLNCDPRIAYGVCPRSEEKKNNQICTNCCAGTKGCNYFSADGTFVCEGESDPRNPKACPRNCDGRIAYGVCPRSEEKKNNRICTNCCAGTKGCNYFSADGTFVCEGESDPRNPKACPRNCDGRIAYGVCPRSEEKKNNRICTNCCAGTKGCNYFSADGTFICEGESEYVNKVENDLEKSKVAVI,4093,Nicotiana rustica (Aztec tobacco)
A0A068UQG0,MAGAKVGIITLLFCATILLGWKPEHASAKVCPLVCFKAAYMICPHPPHKKLRPVCNCCLAKPHCKLYRHDGTVICTAAG,49390,Coffea canephora (Robusta coffee)
A0A068UQV4,MGISLSSFKSKQGFGRQGIMAINRMNGVMAILLCGMILLGGANVEVEACPQYCLDVEYMTCGNSGTKQYPSCINCCLAPKGCTLHLADGTTQYCG,49390,Coffea canephora (Robusta coffee)
Q1WL50,MAVHRVSFLALLLFFGMSLLVSNVEHAKACTRECDTRIAYGVCPRLEEKTNNRICTNCCAGKKGCKYFSDDGTFVCEGESDPRNPKPCPRNCDGRIAYGICPLSEEKKNNRLCTNCCAGTKGCNYFSADGTFVCEGESDPRNPKACPRNCDPRIDYRVCPRSEEKKNDRICTNCCSGKKGCKYFSDDGTFVCEGESDPRNPKGCTFECDPRIAYGICPLSEEKKNNRLCTNCCAGKKGCNYFSSNGTFICEGESEYGSKVVEYVGEVEDDLQKSKVAVS,4100,Nicotiana benthamiana
Q1WL45,MAVHRVSFLALLLLFGMSLLVSNVEHADACTFNCDPKIAYEVCPRSEEKTNNQICTNCCSGTKGCRFFSANGTFVCEGESDPRNPKACPLNCDPRIAIGICPLSQEKKNDQLCTNCCAGKKGCNYFSDDGTFICEGESDPNNPKDCPRNCDGRIAYGICPLSEEKKNDRTCTNCCAGTKGCNYFSYDGTFVCEGESDPRNPKFCPQNCDGRIAYGICPVSEEKKNNRLCTNCCAGAKGCRFFSADGTFVCEGESDPRNPKFCPLNCDPRIASGICTLSEEKKNDRLCTNCCAGTKGCRFFSADGTFVCEGESDPRNPKACPLNCDPRIATGICPYSKEKKNDRICTNCCSGKKGCKYFSDDGTFVCEGETEYPSKVDEYVHEVENDLQSKVAVS,76336,Nicotiana repanda
Q2TU74,MAVHKVSFLACLLVLGWMFLLAKHVDAKACTRECGHFSYGICPRSEGSPQKPICTNCCSGYKGCNYYSAKGDLICE,109975,Solanum americanum (American black nightshade) (Solanum nodiflorum)
Q8W2K1,MAVHKEVSSLAYLLVLGLMFLHVSAVKHVDAKPCTRECGNLGYGICPRSEGSPENPICTNCCSGYKGCNYYSANGTFICEGSSDPKNPNTCPLFCDGDIAYSKCPRSEGETIIYPTGCTTCCTGYKGCYYFSKEGEFVCEGESDEPNVISNQ,109975,Solanum americanum (American black nightshade) (Solanum nodiflorum)
Q8W2K6,MAVHKVSFLACLLVLGWMFLLAKHVDAKACTRECGHFSYGICPRSEGSPQKPICTNCCSGYKGCNYYSAKGDLICEGESDPRNPKDCTFECDTQIAYSKCPRSEGKMIIKPTGCTTCCTGYQGCYYFDQDGDFVCEGESPEPKTTAYF,109975,Solanum americanum (American black nightshade) (Solanum nodiflorum)
A0A199UJF1,MGRTRLSMAPFLVLSGILLVGLFQSSAKAVACPQYCLDVSYVTCTSSGKERLPARCNCCLAGKGCTLHLSDGSQMTCS,4615,Ananas comosus (Pineapple) (Ananas ananas)
A0A5N5J5B8,MSSTTTNTSPTTNSTAINSNSKNGSNQDPGSYFIDVARQYSSPIGAETELEPKELNTLNSSGGFIVVSTDKLSIKYPGVNLHGHDVGVIQADKPVPEKRLVYYFEIFVKNAGAKGQIAIGFTNQSFKMRRQPGYNRQKSLIGNVGSCALWETNSCGYHGDDGNLYTGHGKGDAFGPTFTTNDTVGAGINYASHEFFFTKNGAVVGAVYKDKDMKGPLFPTVAVHSQNEEYVAHLLQLVAIFNYYSETVCLSIPVLDLNYADMVDYPVATMEYERQEAMKQISAVDKISLPPNISYRLVRSYLLHYGYEATLNAFDVASKNTIPPIYIAQENGSGEQDIAYALTHRKTLRQLIRNGEIDAALSNLRDWYPQIMQDEKSAACFLLHCQKFIELVRVGALGDAVTYGRIELAKFFKLPPFDDLVRDCVALLAYEQPQKCSAGYLLEDSQREIVADAVNAMILSTDPNVKDSQSCLRSHLESLLRQLTVCCLERRFHPEDVAFRVHCKSFDIQILNLFQDFYLIMKKALMVFSWERSGDASSWIPFFISFRHKQVPPNLSIVPLQISDKANTSQFRFGRNMAGARPTANAMVLLLLGVVLLGAIGGGSIAKACPLYCLDVDYMTCKSSGDKKLDSACNCCLAPQNCTLHLADGRLVQC,2182728,Salix brachista
A0A445E1K7,MAFNKVGVIFLVMVICGMIILEGEVKRVEGCEQVCYEAAYMTCPSSASGEEHLSPACNCCLAPRGCTLYNSDGSTICSANN,3818,Arachis hypogaea (Peanut)
A0A199VFN3,MLESQSKEATWKSNKHEKRTVLLGWELQSAAAQAPCNLICFDNVLYVTCTSSGGKKLPPMCSCCYLPDDCTLHLSDGTSINC,4615,Ananas comosus (Pineapple) (Ananas ananas)
Q6JKN9,MAVHKEVSSLAYLLVLGLLFLFVSAIKHVDAKPCTRECGNLGYGICPRSEGSPENPICTNCCSGYKGCNYYSANGTFICEGSSDPKNPNTCPLYCDGDIAYSKCPRSEGQTIIYPTGCTTCCTGYKGCYYFSKEGEFVCEGESIEPNVISNQ,4112,Solanum nigrum (Black nightshade)
A0A445E1E1,MRHRIIYSPSSPSTSMYATKKMAFNNARVILLVLLVVYGASFLGGEMKGVDAKICPQICYGASYMTCPSSGDRRLSPKCNCCVASTGCTLYNGDGTTICTAP,3818,Arachis hypogaea (Peanut)
A0A445A6B3,MAFNNARVILLVLLVVYGASFLGGEMKGVDAKICPQICYGASYMTCPSSGDMQLPPKCNCCVASTGCTLYNVDGTTICTAP,3818,Arachis hypogaea (Peanut)
E9JGT1,CDTRIDYGICPVSETKRINQICTNCCAGKKGCMYFSDDGTFICEGESEYVSEVPVDNKPCPRNCDGRIAYGICPLSETKRINQICTNCCAGKKGCMYFSNDGTFICEGESEYVSEVPVDNKPCPRNCDGRIAYGICPLSENKRINQICTNCCAGKKGCLYFSNDGTFICEGESE,4112,Solanum nigrum (Black nightshade)
D2CGT5,MAVPKEVSFLAFLLVLEILLLHVDAKACSEENAENRLCTNCCAGRKGCNYYSADGTFICEGESDPNNPKACPRNCDTRIAYSKCPRSEGNAENRLCTNCCAGRKGCNYYSADGTFICEGESDPNNPKACPRNCDPNIAYSLCLYEK,4072,Capsicum annuum (Capsicum pepper)
T1PZF2,MAVPKEVSFLASLLVLGILLLHVDAKACSEENAENRICTNCCAGRKGCNYYSADGTFICEGESDPNNPKPCTLNCDPRIFYSKCPRSEGNAENRICTNCCAGRKGCYYYSDDGTFICEGESDPNNPKPCPRNCDTRIAYSICPRSEGNAENRICTNCCAGRKGCNYYSADGTFICEGESDPNNPKACPRNCDPNIAYSLCLYEK,4072,Capsicum annuum (Capsicum pepper)
T1PZJ8,MAVPKEVSFLASLLVLGILLLHVDAKACSQRNAKEPICTNCCAGRKGCNYYSADGTFICEGESDPNNPKPCTLNCDPRIFYSKCPRSEGNAENRICTNCCAGRKGCNYYSADGTFICEGESDPNNPKACPRYCDTRIAYSKCPRSEGNAENRLCTNCCAGRKGCNYYSADGTFICEGESDPNNPKACPRNCDPNIAYSLCLYEK,4072,Capsicum annuum (Capsicum pepper)
A0A097J9D6,AVPKEVSFPAFLLVLEILLLHVDAKACSEENAENRICTNCCAGRKGCNYYSADGTFICEGESDPNNPKACPRNCDPNIAYSLCLYEK,4072,Capsicum annuum (Capsicum pepper)
A0A2G2Z3H2,MASSKVGVLTLLLLCVLLVGSNYVESADAKICPQFCEPNIGYMTCPSTGHKKLYPKCINCCKAGKGCKLYRKNGSLRCTGT,4072,Capsicum annuum (Capsicum pepper)
Q4U5Z4,WLFPKKLVVHASLLVLGILLLHVDAKACSQRNAKEPICTNCCAGRKGCNYYSADGTFICEGESDPNNPKACPRYCDTRIAYSKCPRSEGNAENRLCTNCCAGRKGCNYYSADGTFICEGESDPNNPKACPRNCDTRIAYSKCPRSEGNAENRLCTNCCAGRKGCNYYSADGTFICEGESDPNNPKACPRNCDPNIAYSLCLYEK,4072,Capsicum annuum (Capsicum pepper)
Q9SDL4,MAVHKEVSFLAFLLVLEILLLHVDAKACSEENAENRICTNCCAGRKGCNYYSADGTFICEGESDPNNPKACPRYCDTRIAYSKCPRSEGNAENRICTNCCAGRKGCNYYSVIGTFICEGESDPNNPKACPRNCDTRIAYSKCPRSEGNAENRLCTNCCAGRKVCNYYSADGTFICEGESDPNNPKACPRNCDPNIAYSLCLYEK,4072,Capsicum annuum (Capsicum pepper)
T1PZB4,MAVPKEVSFLASLLVLGILLLHVDAKACSQRNAKEPICTNCCAGRKGCNYYSADGTFICEGESDPNNPKPCTLNCDPRIFYSKCPRSEGNAENRICTNCCAGRKGCNYYSADGTFICEGESDPNNPKACPRYCDTRIAYSKCPRSEGNAENRICTNCCAGRKGCNYYSADGTFICEGESDPNNPKACPRNCDTRIAYSKCPRSEGNAENRLCTNCCAGRKGCNYYSADGTFICEGKSDPNNPKACPRNCDPNIAYSLCLYEK,4072,Capsicum annuum (Capsicum pepper)
A0A1J3DYX7,ESMATYKIWVMSLIIIGAVLVGGVIPGVTTTKTAIACPLYCLQVEYMTCLSSGDDKLPPRCNCCLAPKNCTLHLSDSTSIHCNK,107243,Noccaea caerulescens (Alpine penny-cress) (Thlaspi caerulescens)
A0A097J9B6,MAVHKEVSFLAFLLVLEILLLHVDAKACSEENAENRICTNCCAGRKGCNYYSADGTFICEGESDPNNPKACPRYCDTRIAYSKCPRSEGNAENRLCTNCCAGRKGCNYYSADGTFICEGESDPNNPKACPRNCDTRIAYSKCPRSEGNAENRLCTNCCAGRKGCNYYSADGTFICEGESDPNNPKACPRNCDPNIAYSLCLYEK,4072,Capsicum annuum (Capsicum pepper)
A0A2I0XG42,MKANSPYSEAGLANELKSSQILGKKNGQNSNLAATARRFLPSEIHLISVQIKIKTKSFTEIIITRKDRYNSASLYIQEAKLLTKNHQRRQMGLPKPSLALMLLLCGMILLSDLQEIKGAVACPQYCLDVDYMTCASSGDEKLAARCNCCLAPKGCTLHLVDGQNVYCA,906689,Dendrobium catenatum
A0A1U8GHX6,MAAHKEVSFLTYLLVLGLMFLLVSASTKHDHDDDDDDHDHDHDHDDDDDDDHNPKPPKPCTKECGNFAYGICPRSEGSPKNPICTTCCAGYKGCYYYDANGKLICEGQSDPRKPNKHCPRNCDPKIAYSKCPGRSEGKTIIKPTGCTTCCTGYKGCYYYGKDDKFVCEGESIEPRVCTQECDPRVAYMTCPSTGSTKHTRICVNCCTAKSGCKLYDRNGSQLCTGDPKNH,4072,Capsicum annuum (Capsicum pepper)
D2CGU1,MAVPKEVSFLASLLVLGILLLHVDAKACSQRNAKEPICTNCCAGLKGCNYYNADGTFICEGESDPNHPKACPKNCDPNIAYSLCLYEK,4072,Capsicum annuum (Capsicum pepper)
Q4ZIQ3,MAVPKEVSFLAFLLVLEILLLHVDAKACSEENAENRICTNCCAGRKGCNYYSADGTFICEGESDPNNPKACPRYCDTRIAYSKCPRSEGNAENRLCTNCCAGRKGCNYYSADGTFICEGESDPNNPKACPRNCDTRIAYSKCPRSEGNAENRICTNCCAGRKGCNYYSADGTFICEGESDPNNPKPCTLNCDPRIFYSKCPRSEASAEQPICTNCCAGLKGCNYYNADGTFICEGESDPNHPKACPKNCDPNIAYSLCLYEK,4072,Capsicum annuum (Capsicum pepper)
A0A2P5EHN1,MAATNKLSVILPLLVIAATLVALQPENVAGKVCPQLCLGAEYMTCGSSDERLNPSCNCCLAPQGCTLYFSDGTSQYCA,63057,Trema orientale (Charcoal tree) (Celtis orientalis)
T1PZJ7,MAVPKEVSFLAFVLVLGILLLHVDAKACSEENAENRICTNCCAGRKGCNYYSADGTFICEGESDPNNPKPCTLNCDPRIFYSKYPRSEGNAENRICTNCCAGRKGCYYYSDDGTFICEGESDPNNPKPCPRNCDTRIAYSICPRSEGNAENRICTNCCAGRKGCNYYSADGTFICEGESDPNNPKACPRDCDPNIAYSLCLYEK,4072,Capsicum annuum (Capsicum pepper)
T1PZ86,MAVPKEVSFLAFLLVLGILLLHVDAKACSEENAENRICTNCCAGRKGCNYYSADGTFICEGESDPNNPKPCTLNCDPRIFYSKCPRSEGNAENRICTNCCAGRKGCYYYSDDGTFICEGESDPNNPKACPRNCDTRIAYSKCPRSEGNAENRLCTNCCAGRKGCNYYSADGTFICEGESDPNNPKACPRNCDPNIAYSLCLYEK,4072,Capsicum annuum (Capsicum pepper)
A0A097J9D4,MAVPKEVSFLGYLLVLGIFLHHVDGKACTRECGNLGYGICPRSEGSAEEPICTNCCAGYKGCKYYSADGTFICEGESDPKNPKGCPRNCDPRIAYSKCPRSQGETLIYPTGCTTCCTGYKGCYYFGKDGKFLCEGESTEPKACTLECDPRVAYMTCPSTGLAKIKDVCVNCCTAGEGCKLYGHNGSLLCTGESQSISTA,4072,Capsicum annuum (Capsicum pepper)
A0A097J9C9,MAVHKEVSFLGYLLVLGIFLHHVDGKACTRECGNLGYGICPRSEGSAEEPICTNCCAGYKGCKYYSADGTFICEGESDPKNPKGCPRNCDPRIAYSKCPRSQGETLIYPTGCTTCCTGYKGCYYFGKDGKFLCEGESTEPKACTLECDPRVAYMTCPSTGLAKIKDVCVNCCTAGEGCKLYGHNGSLLCTGESQSISTA,4072,Capsicum annuum (Capsicum pepper)
D2CGT8,MAVPKEVSFLASLLVLGILLLHVDAKACSQRNAKEPICTNCCAGRKGCNYYSADGTFICEGESDPNNPKPCTLNCDPRIFYSKCPRSEASAEQPICTNSSAGLKGCNYYNADGTFICEGESDPNHPKACPKNCDPNIAYSLCLYEK,4072,Capsicum annuum (Capsicum pepper)
D2CGT9,MAVPKEVSFLAFLLVLEILLLHVDAKACSEENAENRLCTNCCAGRKGCNYYSADGTFICEGESDPNNPKACPRNCDPNIAYSLCLYEK,4072,Capsicum annuum (Capsicum pepper)
A0A097J9C1,EILLLHVDAKACSEENAENRICTNCCAGRKGCNYYSADGTFICEGESDPNNPKACPRYCDTRIAYSKCPRSEGNAENRICTNCCAGRKGCNYYSADGTFICEGESDPNNPKACPRYCDTRIAYSKCPRSEGNAENRLCTNCCAGRKGCNYYSADGTFICEGESDPNNPKACPRNCDPNIAYSLCLYEK,4072,Capsicum annuum (Capsicum pepper)
T1PZ76,MAVPKEVSFLAFLLVLEILLLHVDAKACSEENAENRICTNCCAGRKGCNYYSADGTFICEGESDPNNPKACPRYCDTRIAYSKCPRSEGNAENRICTNCCAGRKGCNYYSADGTFICEGESGPNNPKACPRNCDTRIAYSKCPRSEGNAENRLCTNCCAGRKGCNYYSADGTFICEGESDPNNPKACPRNCDPNIAYSLCLHEK,4072,Capsicum annuum (Capsicum pepper)
A0A1U8HFR9,MAFCKVGILSLLLLSGIFLLGIEVEYGNAQKMCLQVCDPEVAYMTCPSSGDEKMSDVCVNCCTAAVGCKLFRSDGSFICTGTPE,4072,Capsicum annuum (Capsicum pepper)
A0A2G3A0T9,MAAHKEVSFLTYLLVLGLMFLLVSASTKHDHDDDDDHDHDHDHDDDDDDHNPKPPKSCTKECGNFAYGICPRSEGSPKNPICTTCCAGYKGCYYYDANGKLICEGQSDPRKPNKHCSRNCDPKIAYSKCPGRSEGKTIIKPTGCTTCCTGYKGCYYYGKDDKFVCEGESIEPRVCTQECDPRVAYMTCPSTGSTKHTRICVNCCTAKPGCKLYDRNGSQLCTGDPKNH,4072,Capsicum annuum (Capsicum pepper)
T1PZK4,MAVPKEVSFLAFVLVLGILLLHVDAKACSEENAENRICTNCCAGRKGCNYYSADGTFICEGESDPNNSKPCTLNCDPRIFYSKCPRSEGNAENRICTNCCAGRKGCYYYSDDGTFICEGESDPNNPKPCPRNCDTRIAYSICPRSEGNAENRICTNCCAGRNFCNYYSADGTFICEGESDPNNPKACPRNCDPNIAYSLCLYEK,4072,Capsicum annuum (Capsicum pepper)
T1PZB1,MAVPKEVSFLAFLLVLEILLLHVDAKACSEENAENRICTNCCAGRKGCNYYSADGTFICEGESDPNNPKACPRYCDTRIAYSKCPRSEGNAENRICTNCCAGRKGCNYYSADGTFICEGESDPNNPKACPRNCDTRIAYSKCPRSGGNAENRLCTNCCAGRKGCNYYSADGTFICEGESDPNNPKACPRNCDPNIAYSLCLYEK,4072,Capsicum annuum (Capsicum pepper)
D2CGT4,MAVPKEVSFLAFLLVLEILLLHVDAKACSEENAENRICTNCCAGRKGCNYYSADGTFICEGESDPNNPKACPRNCDTRIAYSKCPRSEGNAENRLCTNCCAGRKGCNYYSADGTFICEGESDPNNPKACPRNCDPNIAYSLCLYEK,4072,Capsicum annuum (Capsicum pepper)
A0A097J9D5,FLHHVDGKACTRECGNLGYGICPRSEGSAEEPICTNCCAGYKGCKYYSADGTFICEGESDPKNPKGCPRNCDPRIAYSKCPRSQGETLIYPTGCTTCCTGYKGCYYFGKDGKFLCEGESTEPKACTLECDPRVAYMTCPSTGLAKIKDVCVNCCTAGEGCKLYGHNGSLLCTGESQSISTA,4072,Capsicum annuum (Capsicum pepper)
T1PZ63,MAVPKEVSFLASLLVLGILLLHVDAKACSQRNAKEPICTNCCAGRKGCNYYSADGTFICEGESDPNNPKPCTLNCDPRIFYSKCPRSEASAEQPICTNCCAGLKGCNYYNADGTFICEGESDPNHPKACPKNCDPNIAYSLCLYEK,4072,Capsicum annuum (Capsicum pepper)
T1PZ75,MAVPKEVSFLAFVLVLGILLLHVDAKACSEENAENRICTNCCAGRKGCNYYSADGTFICEGESDPNNPKPCTLNCDPRIFYSKCPRSEGNAENRICTNCCAGRKGCYYYSDDGTFICEGESGPNNPKPCPRNCDTRIAYSICPRSEGNAENRICTNCCAGRKGCNYYSADGTFICEGESDPNNPKACPRNCDPNIAYSLCLYEK,4072,Capsicum annuum (Capsicum pepper)
A0A2G2ZB86,MERVEGKICPQICFDAAAYMMCPSSGTQKLAPTCNCCLAPQGCSLYYADRTLICTST,4072,Capsicum annuum (Capsicum pepper)
T1PZF7,MAVPKEVSFLAFVLVLGILLLHVDAKACSEENAENRICTNCCAGRKGCNYYSADGTFICEGESDPNNPKPCTLNCDPRIFYSKCPRSEGNAENRICTNCCAGRKGCYYYCDDGTFICEGESDPNNPKPCPRNCDTRIAYSICPRSEGNAENRICTNCCAGRKGCNYYSADGTFICEGESDPNNPKACPRNCDPNIAHSLCLYEK,4072,Capsicum annuum (Capsicum pepper)
T1PZK7,MAVPKEVSFLAFLLVLEILLLHVDAKACSEENAENRICTNCCAGRKGCNYYSADGTFICEGESDPNNPKACPRYCDTRIAYSKCPRSEGNAENRICTNCCAGRKGCNYFSADGTFICEGESDPNNPKACPRNCDTRIAYSKCPRSEGNAENRLCTNCCAGRKGCNYYSADGTFICEGESDPNNPKACPRNCDPNIAYSLCLYEK,4072,Capsicum annuum (Capsicum pepper)
T1PZB0,MAVPREVSFLAFVLVLGILLLHVDAKACSEENAENRICTNCCAGRKGCNYYSADGTFICEGESDPNNPKPCTLNCDPRIAYSKCPRSEGNAGNRICTNCCAGRKGCNYYSADGTFICEGESDPNNPKACPRNCDPNIAYSLCLYEK,4072,Capsicum annuum (Capsicum pepper)
T1PZB3,MAVPKEVSFLAFLLVLEILLLHVDAKACSEENAENRICTNCCAGRKGCNYYSADGTFICEGESDPNNPKACPRYCDTRIAYSKCPRSEGNAENRICTNCCAGRKGCNYYSADGTFICEGESDPNNPKACPRNCDTRIAYSKCPRSEGNAENRLCTNCCAGRKGCNYYSADGTFICEGESDPNNPKACPRNCDPNIAYSLCLYQK,4072,Capsicum annuum (Capsicum pepper)
T1PZK2,MAVPKEVSFLAFLLVLEILLLHVDAKACSEENAENRICTNCCAGRKGCNYYSADGTFICEGESDPNNPKTCPRYCDTRIAYSKCPRSEGNAENRICTNCCAGRKGCNYYSADGTFICEGESDPNNPKACPRNCDTRIAYSKCPRSEGNAENRLCTNCCAGRKGCNYHSADGTFICEGESDPNTPKACPRNCDPNIAHSLCLYEK,4072,Capsicum annuum (Capsicum pepper)
D2CGQ2,MAVPKEVSFLAFLLVLEILLLHVDAKACSEENAENRICTNCCAGRKGCNYYSADGTFICEGESDPNNPKACPRYCDTRIAYSKCPRSEGNAENRLCTNCCAGRKGCNYYSADGTFICEGESDPNNPKACPRNCDPNIAYSLCLYEK,4072,Capsicum annuum (Capsicum pepper)
Q9M514,KGNAENRICTNCCAGRKGCNYFSDIGTFICEGESHPNNPKACPRNCDTRIAYSKMSTFRRKTQKIAYAPIAVQAVRVATNYSADGTFICEGESDPNNPKACPRNCDQILPIHCVSMKNKSMNSVMLISVICLGVYL,4072,Capsicum annuum (Capsicum pepper)
A0A1U8G7B9,MAVHKEVSFLAFLLVLEILLLHVDAKACSEENAENRICTNCCAGRKGCNYYSADGTFICEGESDPNNPKACPRYCDTRIAYSKCPRSEGNAENRICTNCCAGRKGCNYYSADGTFICEGESDPNNPKACPRNCDTRIAYSKCPRSEGNAENRLCTNCCAGRKGCNYYSADGTFICEGESDPNNPKACPRNCDPNIAYSLCLYEK,4072,Capsicum annuum (Capsicum pepper)
A0A097J9D3,LLVLEILLLHVDAKACSEENAENRICTNCCAGRKGCNYYSADGTFICEGESDPNNPKACPRYCDTRIAYSKCPRSEGNAENRLCTNCCAGRKGCNYYSADGTFICEGESDPNNPKACPRNCDTRIAYSKCPRSEENAENRLCTNCCAGRKGCNYYSADGTFICEGESDPNNPKACPRNCDPNIAYSLCLYEK,4072,Capsicum annuum (Capsicum pepper)
T1PZK0,MAVPKEVSFLAFLLVLEILLLHVDAKACSEENAENRICTNCCAGRKGCNYYSADGTFICEGESDPNNPKACPRYCDTRIAYSKCPRSEGNAENRICTNCCAGRKGCNYYSADGTFICEGESDPNNPKACPRYCDTRIAYSKCPRSEGNAENRLCTNCCAGRKGCNYYSADGTFICEGESDPNHPKACPRNCDPNIAYSLCLYEK,4072,Capsicum annuum (Capsicum pepper)
T1PZF6,MAVPKEVSFLASLLVLGILLLHVDAKACSQRNAKEPICTNCCAGRKGCNYYSADGTFICEGESDPNNPKPCTLNCDPRIFYSKCPRSEGNAENRICTNCCAGRKGCNYYSADGTFICEGESDPNNPKPCPRNCDTRIAYSKCPCSEGNAENRICTNCCAGRKGCNYYSAGGTFICEGESDPNNPKPCTLNCDPRIFYSKCPRSEASAEQPICTNCCAGLKGCNYYNADGTFICEGESDPNHPKACPKNCDPNIAYSLCLYEK,4072,Capsicum annuum (Capsicum pepper)
A0A328DK31,MGKNVDAQAAGCPRNCDPDAAYIKCPPNPKKTEAGCTNCCVSTSRGCRLYYSNNTRLC,267555,Cuscuta australis
A0A059PYZ4,MASSTFFFPNIAGLMVIGCSIQTTEAWAWRARARFCPMYCLDFEYMTCNSTGTKQLPGVCNCCLAAQKGCTIHLRNGGVQKCP,131158,Saccharum hybrid cultivar R570
D2CGU0,MAVPKEVSFLAFLLVLEILLLHVDAKACSEENAENRICTNCCAGRKGCNYYSADGTFICEGESDPNNPKACPKNCDPNIAYSLCLYEK,4072,Capsicum annuum (Capsicum pepper)
A0A2G3A0U2,MAVHKEVSFLAFLLVLGILLLHVDAKACSEENAENRICTNCCAGRKGCNYYSADGTFICEGESDPNNPKACPRYCDTRIAYSKXKACSEENAENRICTNCCAGRKGCNYYSADRTFICEGESDPNNPKACPRNCDTRIAYSKCPRSEGNAENRLCTNCCAGRKGCNYYSADGTFICEGESDPNNPKACPRNCDPNIAYSLCLYEK,4072,Capsicum annuum (Capsicum pepper)
T1PZ88,MAVPKEVSFLAFVLVLGILLLHVDAKACSEENAENRICTNCCAGRKGCNYYSADGTFICEGESDPNNPKPCTLNCDTRIAYSICPRSEGNAENRICTNCCAGRKGCNYYSADGTFICEGESDPNSPKACPRNCDPNIAYSLCLYEK,4072,Capsicum annuum (Capsicum pepper)
A0A1U8HFS2,MAFCKVGILSLLLVSGIFLLGIEVEFGNAQKMCIQVCDPEVASMTCPSSGDEKINDVCVNCCTAAVGCKLFRSDGSLICTGTLE,4072,Capsicum annuum (Capsicum pepper)
A0A2G3AT15,MTGEAPHFQPPLPMLLLSSLVPSFSLFLSQIRIPPRPIHPRNNSPPLQLLAGEFDPKEGPKACPANCDRRIAYSKCPRSQGRRIHYPTGCTNCCTGYKGCYYFGEDGKFVCKGESPEPKICPAICDLTAAYMTCPSSGSIKIKFERNRDGVIGFVDSDFAGDHDKRSQCVIFLTKDQIFHERTKHIDVLYHFVRKIITRGDIVVTKISTHDNPADMITKTLPSAKFEHCLDLISVQNSESAKNASNQRSLDLWNRETKLESPELLPRLLKFALTVALQERVIRLGILLLHVDAKACSEENAENRICTNCCAGRKGCRYYSADGTFICNGESDPNNPKPCTLNCDPRIFYSKCLYEEPKSISAA,80379,Capsicum chinense (Scotch bonnet) (Bonnet pepper)
A0A2G2ZAL9,MQASSFHQGRHGLSLQGSIIRHYGYAIVDSIFFVMDLSLEGIFLLGIEVEYGNAQKMCLQVCDPEVAYMTCPSSGDEKMSDVCVNCCTAAVGCKLFRSDGSFICTGTPE,4072,Capsicum annuum (Capsicum pepper)
Q4ZIQ4,MAVPKEVSFLASLLVLGILLLHVDAKACSQRNAKEPICTNCCAGRKGCNYYSADGTFICEGESDPNNPKPCTLNCDPRIFYSKCPRSEGNAENRICTNCCAGRKGCNYYSADGTFICEGESDPNNPKPCPRNCDTRIAYSKCPRSEGNAENRICTNCCAGRKGCNYYSADGTFICEGESDPNNPKACTLNCDPRIFYSKCPRSEASAEQPICTNCCAGLKGCNYYNADGTFICEGESDPNHPKACPKNCDPNIAYSLCLYEK,4072,Capsicum annuum (Capsicum pepper)
T1PZB2,MAVPKEVSFLAFVLVLGILLLHVDAKACSEENAENRICTNCCAGRKGCNYYSADGTFICEGESDPNNPKPCTLNCDPRIFYSKCPRSEGNAENRICTNCCAGRKGCNYYSADGTFICEGESDPNNPKACPRNCDTRIAYSKCPRSEGNAENRLCTNCCAGRKGCNYYSADGTFICEGESDPNNPKACPRNCDPNIAYSLCLYEK,4072,Capsicum annuum (Capsicum pepper)
Q4U5Z5,MAVPKEVSFLAFLLVLEILLLHVDAKACSQRNAKEPICTNCCAGRKGCNYYSADGTFICEGESDPNNPKPCTLNCDPRIFYSKCPRSEGNAENRICTNCCAGRKGCNYYSADGTFICEGESDPNNPKPCPRNCDTRIAYSKCPRSEGNAENRICTNCCAGRKGCNYYSADGTFICEGESDPNNPKPCTLNCDPRIFYSKCPRSEASAEQPICTNCCAGLKGCNYYNADGTFICEGESDPNHPKACPKNCDPNIAYSLCLYEK,4072,Capsicum annuum (Capsicum pepper)
Q4ZIQ2,MAVPKEVSFLASLLVLGILLLHVDAKACSQRNAKEPICTNCCAGRKGCNYYSADGTFICEGESDPNNPKPCTLNCDPRIFYSKCPRSEGNAENRICTNCCAGRKGCNYYSADGTFICEGESDPNNPKPCPRNCDTRIAYSKCPRSEGNAENRICTNCCAGRKGCNYYSADGTFICEGESDPNNPKPCTLNCDPRIFYSKCPRSEASAERPICTNCCAGLKGCNYYNADGTFICEGESDPNHPKACPKNCDPNIAYSLCLYEK,4072,Capsicum annuum (Capsicum pepper)
A0A1U8GZH1,MFYVGNDSLLLVSNVRHADAKANTEDAKVILIEYALTIMEEKRCRYFSAGGTFIFKGESEYVRHHCRTGKKGCNYFSVDGTFICEEESEYVIEGENNLQKSKVDVS,4072,Capsicum annuum (Capsicum pepper)
A0A1U8FXN6,MAVHKEVSFLGYLLVLGIFLHHVDGKACTRECGNLGYGICPRSEGSAEEPICTNCCAGYKGCKYYSADGTFICEGESDPKNPKGCPRNCDPRIAYSKCPRSQGETLIYPTGCTTCCTGYKGCYYFGKDGKFLCEGESTEPKACTLECDPRVAYMTCPSTGLAKIKDVCVNCCTAGEGCKLYGHNGSLLCTGESQSISTA,4072,Capsicum annuum (Capsicum pepper)
T1PZF5,MAVPKEVSFLAFVLVLEILLLHVDAKACSEENAENRICTNCCAGRKGCNYYSADGTFICEGESDPNNPKACPRYCDTRIAYSKCPRSEGNAENRICTNCCAGRKGCNYYSADGTFICEGESDPNNPKACPRNCDTRIAYSKCPRSEGNAENRICTNCCAGRKGCNYYSADGTFICEGESDPNNPKACPRNCDPNIAYSLCLYEK,4072,Capsicum annuum (Capsicum pepper)
D2CGT7,MAVPKEVSFLAFLLVLEILLLHVDAKACSEGNAENRLCTNCCAGRKGCNYYSADGTFICEGESDPNNPKACPRNCDTRIAYSKCPRSEGNAENRLCTNCCAGRKGCNYYSADGTFICEGESDPNNPKACPRNCDPNIAYSLCLYEK,4072,Capsicum annuum (Capsicum pepper)
T1PZB7,MAVPKEVSFLAFVLVLEILLVHVDAKACSEENAENGICTNCCAGRKGCNYYSADGTFICEGESDPNNPKACPRYCDTRIAYSKCPRSEGGAENRLCTNCCAGRKGCNYYSADGTFICEGESDPNNPKACPRNCDTRIAYSKCPRSEGNAENRLCTNCCAGRKGCNYYSADGTFICEGESDPNNPKACPRNCDPNIAYSLCLYEK,4072,Capsicum annuum (Capsicum pepper)
T1PZE8,MAVPKEVSFPAFLLVLEILLLHVDAKACSEENAENRICTNCCAGRKGCNYYSADGTFICEGESDPNNPKACPRYCDTRIAYSKCPRSEGNAENRLCTNCCAGRKGCNYYSADGTFICEGESDPNNPKACPRNCDPNIAYSLCLYEK,4072,Capsicum annuum (Capsicum pepper)
A0A2G2XU31,MAVHKEVSFLGNLLVLGIFLHHVDGKACTRECGNLGYGICPRSEGSAEEPICTNCCAGYKGCKYYSADGTFICEGESDPKNPKGCPRNCDPRIAYSKCPRSQGETLIYPTGCTTCCTGYKGCYYFGKDGKFVCEGESTEPKACTLECDPRVAYMTCPSTGLAKIKDVCVNCCTAGEGCKLYGHNGSLLCTGESQSISTA,4072,Capsicum annuum (Capsicum pepper)
A0A1U8H7N7,MASSKVGVLTLLLLCVLLVGSNYVESADAKICPQFCEPNIGYMTCPSTGHKKLYPKCINCCKAGKGCKLYRKNGSLRCTGT,4072,Capsicum annuum (Capsicum pepper)
D2CGT3,MAVPKEVSFLASLLVLGILLLHVDAKACSQRNAKEPICTNCCAGRKGCNYYSADGTFICEGESDPNNPKPCTLNCDPRIFYSKCPRSEGNAENRLCTNCCAGRKGCNYYSADGTFICEGESDPNNPKACPRNCDPNIAYSLCLYEK,4072,Capsicum annuum (Capsicum pepper)
A0A1U8FAF4,MATHRVVFLALFLLSGILLLGSTVESAADKGCSRNCDTEVDYMVCPSGGETITRNVCTNCCSAQKSCKLFRSDGSVKCSGRS,4072,Capsicum annuum (Capsicum pepper)
D2CH22,MAVPKEVSFLAFLLVLEENAENRLCTNCCAGRKGCNYYSADGTFICEGESDPNNPKACPRNCDTRIAYSKCPRSEGNAENRLCTNCCAGRKGCNYYSADGTFICEGESDPNNPKACPRNCDPNIAYSLCLYEK,4072,Capsicum annuum (Capsicum pepper)
D2CGT6,MAVPKEVSFLAFLLVLEILLLHVDAKACSEENAENRICTNCCAGRKGCNYYSADGTFICEGESDPNNPKACPRYCDTRIAYSKCPRSEGNAENRLCTNCCAGRKGCNYYSADGTFICEGESDPNNPKACPRNCDTRIAYSLCLYEK,4072,Capsicum annuum (Capsicum pepper)
T1PZB5,MAVPKEVSFLAFVLVLGILLLHVDAKACSEENAENRICTNCCAGRKGCNYYSADGTFICEGESDPNNPKPCPRNCDTRIAYSICPRSEGNAENRICTNCCAGRKGCNYYSADGTFICEGESDPNNPKACPRYCDTRIAYSKCPRSEGNAENRICTNCCAGRKGCNYYSADGTFICEGESDPNNPKACPRNCDPNIAYSLCLYEK,4072,Capsicum annuum (Capsicum pepper)
T1PZ85,MAVPKEVSFLAFVLVLGILLLHVDAKACSEENAENRICANWCAGRKGCYYYSDDGTFICEGESDPNNPKPCPRNCDTRIAYSICPRSEGNAENRICTNCCAGRKGCNYYSADGTFICEGESDPNNPKACPRYCDTRIAYSKCPRSEGNAENRICTNCCAGRKGCNYYSADGTFICEGESDPNNPKACPRNCDTRIAYSKCPRSEGNAENRLCTNCCAGRKGCNYYSADGTFICEGESDPNNPKACPRNCDPNIAYSLCLYEK,4072,Capsicum annuum (Capsicum pepper)
A0A2G2ZAE0,MAFCKVGILSLLLVSGIFLLGIEVEFGNAQKMCIQVCDPEVASMTCPSSGDEKINDVCVNCCTAAVGCKLFRSDGSLICTGTLE,4072,Capsicum annuum (Capsicum pepper)
T1PZF0,MAVPKEVSFLAFVLVLGILLLHVDAKACSEENAENRICTNCCAGRKGCNYYSADGTFICEGESDPNNPKACPRYCDTRIAYSKCPRSEGNAENRICTNCCAGRKGCNYYSADGTFICEGESDPNNPKACPRNCDTRIAYSKCPRSEGNAENRLCTNCCAGRKGCNYYSADGTFICEGESDPNNPKACPRNCDPNIAYSLCLYEK,4072,Capsicum annuum (Capsicum pepper)
A0A097J9D1,LLVLGILLLHVDAKACSQRNAKEPICTNCCAGRKGCNYYSADGTFICEGESDPNNPKPCTLNCDPNIAYSLCLYEK,4072,Capsicum annuum (Capsicum pepper)
A0A1U8GFH5,MAVPKEVSFPACLLVLGMFVIANAVELGDDIKVCTMECGNFAYGICPRSEGSPICTNCCSGYKGCNYYSANGTFICEGRSDPRKTNICTQHCDPRVAYSKCPRSGRNTIIKHTGCTTCCTGYKGCYYFGHDGKFVCEGQSSEPRACTLECDPKVAYMTCPSSGSTKLTRICVNCCTARVQGCKLYGHDEFLLCTGDPRNYLSFTR,4072,Capsicum annuum (Capsicum pepper)
T1PZ65,MAVPKEVSFLAFVLVLGILLLHVDAKACSEENAENRICTNCCAGRKGCNYYSADGTFICEGESDPNNPKPCTLNCDPRIFYSKCPRSEGNAENRICTNCCAGRKGCYYYSDDGTFICEGESDPNNPKPCPRNCDTRIAYSICPHSEGNAENRICTNCCAGRKGCNYYSADGTFICEGESDPNNPKACPRNCDPNIAYSLCLYEK,4072,Capsicum annuum (Capsicum pepper)
T1PZ78,MAVPKEVSFLAFVLVLGILLLHVDAKACSEENAENRICTNCCAGRKGCNYYSADGTFICEGESDPNNPKPCTLNCDPRIFYSKCPRSEGNAENRICTNCCAGRKGCYYYSDDGTFICEGESDPNNPKACPRNCDTRIAYSKCPRSEGNAENRLCTNCCAGRKGCNYYSADGTFICEGESDPNNPKACPRNCDPNIAYSLCLYEK,4072,Capsicum annuum (Capsicum pepper)
Q4U5Z3,MAVPKEVSFLAFLLVLEILLLHVDAKACSEENAENRICTNCCAGRKGCNYYSADGTFICEGESDPNNPKACPRYCDTRIAYSKCPRSEGNAENRICTNCCAGRKGCNYYSADGTFICEGESDPNNPKACPRYCDTRIAYSKCPRSEGNAENRLCPNCCAGRKGCNYYSADGTFICEGESDPNNPKACPRNCDPNYCYLLPIHCVSMKSKSMETNFFGNSH,4072,Capsicum annuum (Capsicum pepper)
T1PZF9,MAVPKEVSFLASLLVLGILLLHVDAKACSQRNAKEPICTNCCAGRKGCNYYSADGTFICEGESDPNNPKPCTLNCDPRIFYSKCPRSEGNAENRICTNCCAGRKGCNYYSADGTFICEGESDPNHPKACPRNCDPRIFYSKCPRSEGNAENRICTNCCAGRKGCNYYSADGTFICEGESDPNNPKACPRNCDPNIAYSLCLYEK,4072,Capsicum annuum (Capsicum pepper)
T1PZJ5,MAVPKEVSFLASLLVLGILLLHVDAKACSQRNAKEPICTNCCTGRKGCNYYSADGTFICEGESDPNNPKPCTLNCDPRIFYSKCPRSEGNAENRICTNCCAGRKGCNYYSADGTFICEGESDPNNPKACPRNCDPNIAYSLCLYEK,4072,Capsicum annuum (Capsicum pepper)
Q4ZIQ6,MAVPKEVSFLASYLFLEILLLHVDAKACSEETQKNRICTNCCAGRKGCNYYSADGTFICEGESDPNNPKACPRYCDTRIAYSKCPRSEGNAENRICTNCCAGRKGCNYYSADGTFICEGESDPNNPKACPRYCDTRIAYSKCPRSEGNAENRLCTNCCAGRKGCNYYSADGTFICEGESDPNNPKACPRNCDPNIAYSLCLYEK,4072,Capsicum annuum (Capsicum pepper)
T1PZ64,MAVPKEVSFLAFLLVLEILLLHVDAKACSEENAENRICTNCCAGRKGCNYYSADGTFICEGESDPNNPKACPRYCDTRIAYSKCPRSEGNAENRICTNCCAGRKGCNYYSADGTFICEGESDPNNPKACPRNCDTRIAYSKCPRSEGNAENRLCTNCCAGRKGCNYYSADGTFICEGESDPNNPKACPRNCDPNIAYSKCPRSEGNAENRLCTNCCAGRKGCNYYSADGTFICEGESDPNNPKACPRNCDPNIAYSLCAYEK,4072,Capsicum annuum (Capsicum pepper)
T1PZ84,MAVPKEVSFLAFVLVLGILLLHVDAKACSEENAENRICTNCCAGRKGCNYYSADGTLICEGESDPNNPKPCTPNCDPRIFYSKCPRSEGNVENRICTNCCAGRKGCNYYSADGTFICEGESDPNNPKACPRNCDPNIAYSLCLYEK,4072,Capsicum annuum (Capsicum pepper)
A0A6V7QV76,MNLTKIRTWDLGYQPSSPLLFALETVGLIIFGFAIERVDSILTGQRRPCNMMCVQGAYMTCESTGPTVRTMMVILVASSDRVPNGGIGCRRRISPGRPIIHLDPSSVMPNTPFNIQVSFFAPVFTSLTGCAMFGMIQSSEAKICPLFCMRAKYMTCRSSGHKKLRPACNCCLVEGKGCIIHLLDSHKLECKN,296719,Ananas comosus var. bracteatus
A0A1E5VFG3,MATSRVHITCALLLIGLVLLGQQGQEGMEGAVACPQYCLEVDYVTCPSSGAEKLPARCNCCMTPKGCTLHLSDGTRQTC,888268,Dichanthelium oligosanthes
A0A4S8KA31,MSSTKLSLAILLLLSGTVMLGWIQYCAEAKVCPLFCVQAEYMTCNSTAGERLNPVCNCCFAPEGGCTIYLSNGAIGTVVTVAEILKNNGLATEKKIQTSTVGTKDEAKGRLVRKAKIEILLGKTENFNHLVSTNKVVRQATEAEE,52838,Musa balbisiana (Banana)
Q1WL51,MAVHRVSFLALLLSFGMSLLVSNVEHAKACTRECDTRIAYGVCPRLEEKKNNRLCTNCCSGTKGCNYFSADGTFVCEGESDPRNPKGCTFECDPRIAYGICPRSEEKKNNRLCTNCCAGKKGCNYFSSNGTFICEGESEYASKAVEYVGEVEDDLQKSKVAVS,118690,Nicotiana cavicola
A0A6V7QS27,MNLTKIRTLNLEYQSPSLLLLALETVLSIVFGFAIERGDSIPTGQRRPCNMMCVQGAYMTCESTGPTVRTMMVILVASSDRVPNGGIGCRRRISPGRPIIHLDPSSVMPNTPFNIQVQDLPLFCVRAKYMTCRSSGHKKVRPVCNCCLVEGKGCIIHLLDSHKLECKN,296719,Ananas comosus var. bracteatus
J3LSK1,MASIKPALPMALLLCGSCIFLFLELISIALGLSRKMMLILFSEISPGLVLIGSLQSTEAQGGGKICPQFCYDGIEYMTCPSTGSQRLKPVCNCCLADENGCAIYLNNGQVVNCP,4533,Oryza brachyantha
Q9SDW8,MAVHRASFRALLLLFGISLLVSTVEHADAKACPRNCDRRIAYGICPRSEEKNNDRICTNCCAGMKGCNYFSADGTFVCEGESGPKNPKACPRNCDGRIAYGVCPRKEEKKNNWICTNCCAGMKGCNYFSADGTFVCEGESGPKNPKACPRNCDGRIAYGVCPRKEEKKNNWICTNCCAGMKGCNYFSADGTFVCEGESGPKNPKACPRNCDGRIAYGVCPRKEEKKNNWICTNCCAGTKGCNYFSADGTFVCEGESDPRNPKACPRNCDPRISDEICPRSEEKNNNQICTNCCAGTKGCNYFSADGTFVCEGEYDPKNPKACPRNCDPRISYGVCPRSEEKNNNQICTNCCAGTKGCNYFSADGTFVCEGEYDPKNPKACPRNCDGRIDYGVCPRSEEKKNNQICTNCCAGTKGCNYFSADGTFVCEGESDPRNPKACPLNCDGRIAYEICPRTEEKKTNQICTNCCAGTKGCNYFNANGTFICEGESEYVNKVENDLEKSKVAVF,35889,Nicotiana glutinosa (Tobacco)
A0A4D8Z9A4,MAAKTTIKVCFWALFLIVASNVECGNVKACPLYCIIDAGYMTCPSSGVEKLDPVCNCCLAAPGCKLYRADGTLICTAS,180675,Salvia splendens (Scarlet sage)
A0A1E5UNA0,MKQTPLAVAVLDLNSLRLESEGHDDRQDPHHLRSPSDWRFAAGAAGAGGRGGRRPLPPGVVLLGQEQTMGTEAVVCPLYCLQVDYVTCPSSGSEKLPARCNCCLAPKGCTLHLSDGRQQNCSS,888268,Dichanthelium oligosanthes
A0A1E5W186,MATVKLALPVALLLCGLVVMGYSMQSAEAKPGREIIRERKLQNMATIKLGLPVALLLCVMVIDYSIQSTEAKDDGRGACIMNCLNATYMTCPPKRTERLQPACSCCLAQKRGCIIHLSNGVVEKCR,888268,Dichanthelium oligosanthes
A0A1E5UMZ8,MATTKIQITCALLLIGLVLLGQEGMESAVAACPQFCLDVAYVTCPSSGSEQLPARCNCCMTPAGCTLHLSDGTQQTC,888268,Dichanthelium oligosanthes
A0A6P5WVU9,MADARKVGILVLFLLYAVLSSSANVEAKVCPFYCLDVVYMTCKASSDEKLKAECNCCLAPKDCTLHLSDGSSVDCN,66656,Durio zibethinus (Durian)
Q1WL44,MAVHRVSFLALLLLLGMSLLVSNVEHADAKACPLNCDPRIAYGVCPRSEEKKNDRICTNCCAGTKGCKYFSDDGTFVCEGESDPRNPKACPRNCDPRIAYGICPLSEEKKNDRICTNCCAGTKGCKYFSDDGTFVCEGESDPRNPKACPRNCDPRIAYGICPLSEEKKNDRICTNCCAGKKGCKYFSNDGTFVCEGESDPRNPKACTLNCDPRIAYGICPLSEEKKNDRICTNCCAGKKGCKYFSDDGTFVCEGESDPRNPKACTLNCDPRIAYGICPLSEEKKNDRICTNCCAGKKGCKYFSDDGTFVCEGESDPRNPKACPRNCDGRIAYGICPLSEEKKNDRICTNCCAGKKGCKYFSDDGTFICEGESEYASKVDEYVREVENDLQKSKVAVS,4096,Nicotiana sylvestris (Wood tobacco) (South American tobacco)
A0A1U7XBN8,MGLLLYQDNFMAIHRVAFLAILLLSGAILLGNKVKCADGKACTRNCDPDVAYMVCPSTRQKITKPCVNCCSARKGCKLFRSNGSVKCTGT,4096,Nicotiana sylvestris (Wood tobacco) (South American tobacco)
A0A2G3AT01,MAASKKTKDEQYQTTNEDSNESIQPKIQRKQQTNTAAKKFGAPPRTPYGGALPPVPPSELTAEFDPRSRCLLQNLQSTDMDRTSSXVTTCEIIWLRWLLADMGVHISMPTPLHCDNKSVVQIAKNSVFHERTKHIEIDCHFTRHHLQLGTISLPFVPSSLQIADLFTKAQSASRFRFLCDKLSMLIAVAFSINSKYYRADGTFICEGESDPKNPKGCPRNCDPRIAYSKCPRSQGETLIYPTGCTTCCTGYKGCYYFGKDGKFVCEGESTEPKACTLECDPRVAYMTCPSTGLAKIKDVCVNCCTAGEGCKLYGHNGSLLCTGESQSISTA,80379,Capsicum chinense (Scotch bonnet) (Bonnet pepper)
Q6NQ47,MVTSRFGPSRPEGDITMVTYKIWVMSFIIAGAILGGIIPGVTTTKTAIACPLYCLQVEYMTCPSSGADKLPPRCNCCLAPKNCTLHLSDSTTIHCSK,3702,Arabidopsis thaliana (Mouse-ear cress)
A0A2G3C896,MNFPKSMTSTLGTFSDPRSFSISLLFSLGASIVFAISIISTDSGCRGGSTTFVRKGTLALESCNVATAADDEKSCPRDCISDAAYMVCPTHHGRHKLIESYCDNCCTLPGNCKLFKENGDLICTGTDY,80379,Capsicum chinense (Scotch bonnet) (Bonnet pepper)
W9RZD9,MANLHVCCNSLILNPALPPQSYNKLRPGNPKRSTEQQRRRTTTVFVSKSGATAFVGLQSANYVKAQKICPQYCLDVEYMTCGSSCERLEPKCNCCLAPEGCTLHLADGTSEYCGNTT,981085,Morus notabilis
A0A2G3AW51,MAAHKEVSFLTYLLVLGLMFLLPPKPCTKECGNFAYGICPRSEGSPKNPICTTCCAGYKGCYYYDANGKLICEGQSDPRKPNKHCSRNCDSKIAYSKCPGRSEGKTIIKPTGCTTCCTGYKGCYYYGKDDKFVCEGESIEPRVCTQECDPRVAYMTCPSDGSTKHTRICENCCTAKPGCKLYDRNGSQLCTGDPKNH,80379,Capsicum chinense (Scotch bonnet) (Bonnet pepper)
A0A2G3AW63,MAVHKEVSFLAFLLVLGILLLHVDAKACSEENAENRICTNCCAGRKGCNYFSADGTFICEGESDPNNPKACPRYCDTRIAYSKCPRSEASAENRLCTNCCAGRKGCNYYSADGTFICEGESDPNNPKPCPRNCDPRIFYSKCPRSEGNAENRLCTNCCAGRKGCNYYSADGTFICEGESDPNNPKPCPRNCDPRIFYSKCPRSEGNAENFLCTNCCAGRKGCNYYSADGTFICEGESDPNNPKPCPRNCDPNIAYSLCLYEK,80379,Capsicum chinense (Scotch bonnet) (Bonnet pepper)
A0A2G3C875,MAIHRVVFLALLLLSVLLGSRVESAAAKACPRNCDTDIAYMVCPSSGERTIRKVCTNCCAAQKGCKLFRSNGSIKCTGT,80379,Capsicum chinense (Scotch bonnet) (Bonnet pepper)
A0A2G3AW67,MAVHKEVSFLAFLLVLGIFLLHADAKACTKECGNFAYGICPRSEGSAKEPICTNCCSGYKGCNYYSADGTFVCEGEFDPKEGPKACPANCDPRIAYSKCPRSQGRRIHYPTGCTNCCTGYKGCYYFGKDGKFVCEGESTEPKKCPAICIIDAYMTCPSSGSVKIKVHCGNCCTLREGCKLYRKDGSLICTGEPQISISAA,80379,Capsicum chinense (Scotch bonnet) (Bonnet pepper)
A0A2G3AW40,MAVPKEVSFPACLLVLGMFVIANAVELGDDIKVCTMECGNFAYGICPRSEGSPICTNCCSGYKGCNYYSANGTFICEGRSDPRKTNICTQHCDPRVAYSKCPRSGGNTIIKHTGCTTCCTGYKGCYYFGHDGKFVCEGQSSEPRACTLECDPKVAYMTCPSSGSTKLTRICFNCCTARVQGCKLYGHDESLLCTGDPRNY,80379,Capsicum chinense (Scotch bonnet) (Bonnet pepper)
A0A1U7Y2F0,MAVHRVNFLAFLLLFGMSLLVNNVEHADAKACSFNCDPRIAYGVCPRSEEKKNNQICTNCCAGTKGCNYFSADGTFVCEGQFDPRNPKACPRNCDPRIAYGVCPRSKEKKDNQICTNCCAGTKGCNYFSADGTFVCEGEFDPRNPKACPRNCDPRIAYGVCPRSKEKKDNQICTNCCAGTKGCNYFSADGTFVCKGESDPRNPKACPRNCDPRIDYRVCPRSEEKDNQICTNCCAGMKGCNYFSADGTFVCKGESDPRNPKACPRNCDPRIAYGVCPRSEEKDNQICTNCCAGTKGCNYFSADGTFVCKGESDPRNPKACPRNCDPRIDYRVCPRSEEKNNQICTNCCAGTKGCNYFSADGTFVCEGESDPRNPKACPRNCDPRIDYRVCPYSEEKNNQICTNCCAGTKGCNYFSANGTFICNGESEYISKVDE,4096,Nicotiana sylvestris (Wood tobacco) (South American tobacco)
A0A2G3AT14,MAVPKEVSFLASLLVLGILLLHVDAKACSQRNAKEPICTNCCAGRKGCNYYSADGTFICEGESDPKNPKPCTLNCDPRIFYSKCPRSEGNAENRICTNCCAGRKGCNYYSADGTFICEGESDPKNPKACPRNCDPRIFYSKCPRSEGNTENRICTNCCAGRKGCNYYSADGTFICEGESDPNNPKPCTLNCDPRIFYSKCPRSEASAEQPICTNCCAGLKGCNYYNADGTFICEGESDPNHPKACPKNCDPNIAYSLCLYEK,80379,Capsicum chinense (Scotch bonnet) (Bonnet pepper)
A0A2G3C7I2,MAFCKVGILSLLLLSGIFLLGIEVEYGNAQKMCLQVCDPEVAYMTCPSSGDEKMSDVCVNCCTAAVGCKLFRSDGSFICTGTPE,80379,Capsicum chinense (Scotch bonnet) (Bonnet pepper)
A0A2G3C8B9,MAISKIGILSLLLFSVVILLGISNMEKVEGKICPQICFDAAAYMMCPSSGTQKLAPTCNCCLAPQGCSLYYADRTLICTST,80379,Capsicum chinense (Scotch bonnet) (Bonnet pepper)
A0A287GT10,GFRTNHLKSQECVQSTDMATSRLHIACALLLIGVVLLGQNQEGMEAVACPQYCLEVDYVTCPSSEQQKLPARCNCCMAPKGCTLHLSDGISQTCS,112509,Hordeum vulgare subsp. vulgare (Domesticated barley)
A0A6P5WVF0,MADARKVGILVLFLLYVLSSSANVEAKVCPFYCLDVVYMTCKASSDEKLKAECNCCLAPKDCTLHLSDGSSVDCN,66656,Durio zibethinus (Durian)
A0A0D9VYN2,MASIKLALPVALLLCGFMLIGSIQITEAKDTKFCPQFCYEGIEYMTCPSTGSKHLRPVCNCCLASEKGCAIYLSSGQVVNCA,77586,Leersia perrieri
A0A0D9ZCR1,MASIKLALPMALLLCGLMVIGSIQSAEAQGGKFCPQFCYDGLEYMTCPSTGSQHLKPACNCCIAGEKGCVLYLNNGQVINCT,40148,Oryza glumipatula
A0A0D9VYN1,MASIKFALPVALLLCGIMVIGCIQVTEAKICPQFCFDGIEYMTCPSTGDKHLKPACNCCIADEKGCAIYLNNGQVVNCT,77586,Leersia perrieri
