UniprotID,sequence,molecular_weight,average_pI,pH_5.5_charge,pH_7.4_charge,pH_8.0_charge
P05119,MAVHKEVNFVAYLLIVLGMFLYVDAKACTRECGNLGFGICPRSEGSPLNPICINCCSGYKGCNYYNSFGKFICEGESDPKRPNACTFNCDPNIAYSRCPRSQGKSLIYPTGCTTCCTGYKGCYYFGKDGKFVCEGESDEPKANMYPVM,16292.75374,6.879,3.2,-4.8,-10.7
P84813,DICTNCCAGTKGCNTTSANGAFICEGQSDPKKPKACPLNCDPHIAYA,4833.46574,6.2,0.7,-3.0,-5.5
P01080,MDVHKEVNFVAYLLIVLGLLVLVSAMDVDAKACIRECGNLGFGICPRSEGSPENPICTNCCAGYKGCNYYSANGAFICEGQSDPKKPKACPLNCDPHIAYSKCPRSEGKSLIYPTGCTTCCTGYKGCYYFGKNGKFVCEGESDEPKANMYPAM,16505.04074,6.271,1.8,-6.8,-12.8
P83241,KACPRNCDTDIAYMVCPSSGERIIRKVCTNCCAAQKGCKLFRSNGSIKCTGT,5603.57774,8.223,6.1,2.6,-0.4
P01078,QICTNCCAGRKGCSYFSEDGTFICKGESNPENPKACPRNCDGRIAYGICPLS,5579.31984,6.841,1.2,-2.4,-5.2
Q41435,MAVHKEVSFVAYLLIVLGMFLYVDALGCTKECGNLGFGICPRSEGSPTNPICINCCSGYKGCNYYSAFGDLICQGESDPKNPKACPLNCDTNIAYSRCPRSEGKSLIYPTGCTTCCTGYKGCYYFGTNGKFVCEGESDEPKPYMSTA,15860.16104,5.379,0.2,-7.8,-13.6
P56615,RICTNCCAGRKGCNYYSADGTFICEGESDPNNPKACPRYCDTRIAYSKCPRSEGN,6060.74514,7.203,2.2,-1.4,-4.2
Q43710,MAIYKVALLLLFGMILLASDFEHAKACTKECDTRIDFGICPLLETKRVEGLCTNCCAGKKGCKYFSKDGTYICDGESEWVSEKNNNLKKACTKECDTRIDFGICPLLETKRVEGLCTNCCAGKKGCKYFSKDGTYICDGESEWVSEKDNNLEKDCTKECDTRIDFGICPLLETKRVKGLCTNCCAGKKGCKYFSADGTYICDGESEWVSEGENDLQKSNVAIS,24697.31764,5.037,-1.8,-14.4,-23.9
Q43502,MAVYKVSFLAHLLVLGMYLLVSTVEHANACTKECGNLGYGICPGSEGSPENPICTNCCSGYKGCNYYYANGTFICEGTSDPKNPNICPSYCDPQIAYSKCPRSEGKTIIYPTGCTTCCTGYKGCYYFGQDGEFVCEGESIEPKGCTKECDPRVAYMTCPSSGLAKLNQVCVNCCSAGEGCKLYDNDGSLLCTGEPQSISTA,21419.30284,4.47,-3.9,-16.1,-24.6
Q40561,MAVHKVSFVAHLLVLGMFLLLVDAKACTKECGNFAYGICPRSQGTPDDPICTTCCAGYKGCNYYSANGTFICEGSSDPKNPNVCPQFCDPDIAYSKCPRSEGETIINPTGCTTCCTGYKGCYYFGQDGEFVCEGESDEPKSCTTECDPRVATISCPFSGLVKINQECINCCNADKGCELYDNDGSLICTGGEPQSAA,20984.66554,4.069,-8.9,-21.1,-29.6
Q43652,MDVHKEVNFVAYLLIVLGIFLLVSVVEHVDAKICTKECGNLGFGICPRSEGSPKNPICINCCSGYKGCNYYSVFGRFICEGESDLKNPKACPLNCDTNIAYSRCPHSEGKSLIYPTGCTTCCTGYKGCYYFGKNGKFVCEGESDEPKANMYPAM,16868.48234,6.363,2.5,-6.8,-12.8
A0A4S4ET36,MRVISQRFSCLSMESSEIEVIHQSDFEVHLSDLDQSQRFRSRNRNLDLSSYHFGFDSDRDSDLNDSDRSISAIQIGDSSERFRSSLSKWKSKLISAIQIEDDIVRSLRTSPINPSKDRTSIEDFEIIKPISRRAFGRVFLARKRATGDLFAIKNMLEKLRNRRLVFVGDSIGRNQWESLLCMLSSAAPDKTSIFEVNGSPITKHTGFLAFKFRDFNCTVQYYKAPFLVVQGRAPARALEKVKTTKLLIQERQHRSCCCFVYTDMGYGFMKIYMMKYMIVKMPLYGPSEYSFVLPLCLVVHVVKSDSRLANNDLPVDIQRLRCRALHYALHFSPSIDNLGKKLVERLRSRGGRYIALHLRYEKDMLSSTSCTHGLTDAESEELRIMSCTYSGEASEEFDRDDHHDGYEVATCRIYVWDTVGQERFRAVTSAYYKGVVGALVVYYITRRTTFDSIKQWLDELKTAKIGEGIPLDHGTGVVVGETAVIGNRVSLMQLGFSISLFGAALCCYIVVCLPLLSIVVAAAPYCLAATAAVLLYAVLPCFGFLLPELASAKVCPLICKAADYMTCDSTGEERLSAPCNCCLAGKGCTIYYSDGTSAIC,67434.70214,7.592,17.4,-3.3,-13.1
Q41488,MAVHKEVNFVAYLLIVLGLLVLVSAMEHVDAKACTLECGNLGFGICPRSEGSPENRICTNCCAGYKGCNYYSANGAFICEGESDPKKPKACPRNCDPHIAYSKCPRSEGKSLIYPTGCTTCCTGYKGCYYFGKNGKFVCEGESDEPKANMYPAM,16660.20024,6.714,3.5,-5.8,-11.8
Q00782,MAIHKEVSFLAYLLVLGMLLFVSAMEHVDAKACTLECGNLGYGICPRSEGSPENPICTNCCAGYKGCNYYSANGTFICEGQSHPKNPKACPRNCDPHIAYSKCPRSGGKTLIYPTGCTTCCTGYTDCYYFGKDGKFVCEGESIEPKACTLECDSRLHT,17131.64194,6.163,2.6,-8.6,-15.1
Q41489,MAVHKEVSFVAYLLIVLGMFLYVDALGCTKECGNLGFGICPRSEGSPTNPICINCCSGYKGCNYYSAFGRFICEGESDPKNPKACPLNCDTNIAYSRCPRSEGKSLIYPTGCTTCCTGYKGCYYFGTNGKFVCEGESDEPKPYMSTA,15936.26194,6.113,1.2,-6.8,-12.6
O49146,MAVPKEVSFLASLLVLGILLLHVDAKACSQRNAKEPICTNCCAGRKGCNYYSADGTFICEGESDPNNPKPCTLNCDPRIFYSKCPRSEGNAENRICTNCCAGRKGCNYYSADGTFICEGESDPNNPKPCTLNCDPRIFYSKCPRSEASAEQPICTNCCAGLKGCNYYNADGTFICEGESDPNHPKACPKNCDPNIAYSLCLYEK,22187.10814,5.391,0.1,-12.5,-21.5
P01079,RICTNCCAGYKGCNYYSANGAFICEGESDPKNPNVCPRNCDTNIAYSKCLR,5602.31374,7.204,2.1,-1.4,-4.2
A0A166GCC0,MAKSSKSSSKPPIVQLNDLEFDSNSYSLEKFTLYETRARFYLIGSDRKKRYFRVLKIDRMEASELNISEDPVVYSSKEINSLLQRIDEGNRATGGLSVVAKVYGIAGCIKFLEPYYLILVTKRRQIGCICGHAVYSIDESQIISIPHVSVQTEAAYSKTELRYKKLLSCVDLTRDFFYSYTYPIMQSLQKNVISISEERMPYENIFVWNAFLTEPIRSRCNNTIWTLALVHGNFKQTRLSVFGRDFSVTLVARRSRHFAGTRYLKRGVNDRGRVANDVETEQIILDEEAGSCKGKMSSVVQMRGSIPLFWSQEASRFSPKPDIILQRYDPTYEATKMHFEDLAERYGNPIIVLNLIKTVEKRPREMMLRREFTTAVGYLNQILPEEKQLKFIHWDFNKFAKSKSANVLAVLGGVASEALDLTGFYYSGKPSAIKRKSSQISRTSITRDASLRDLRANSGDLARIGSNIDTLNSALMQNRDCTGPQHSSNNNYGNAAPRFQSGVLRTNCIDCLDRTNVAQYAYGLAALGRQLHAMSLTDEPKVDADSSIAAALMEMYQSMGDALAQQYAGSAAQNTVFPERQGKWKATTQSKELLKSIQRYYSNTYTDGEKQDAINLFLGYFKPQDSRPTIWDLDSDYYLHVTGIEDNFTPEKRSHSNSRSVAVLSPVPAWREDFSRIKLTSFDKLLQQTCSSIKNVRLWAEPAQRTGNSGMAPDAAEIQLKTPNWLFGQRKLDKSSSPRKVVSNECADEESKIESRVEYLLDIDWPSYIGNTNEEEVSQRYLSMTSVDEANGWYGGTLIGDQDENSEIYKHYAELCQGPAMEPFQLDTETEKLYADFLQAGTFDGSNDASVEKEMEEALKEFNRISADLGIIPSSCMLLEAGGVAKACYLYCLQVDYMTCPSSGEEKLEPKCNCCLAPKGCTLHLSGGSSMLCSKT,105465.30994,6.434,9.8,-12.6,-23.1
A0A4U5Q9H5,MGGARLAASAVVLLVLGVVFLGAGGGSLIAKACPLYCLDVDYMTCESSGDKKLNSACNCCLAPKNCTLHLADGRMIAGLTSVFASQSRTQAIHVRSQLLKIQPTTAFVKVVSQHFEEKGVLLDLAKLSVSYMDLLFPCFLHLSILCISLSLIVLLHKRKFWNTKFPPGKTGWPIIGETWDFMMASRCGTPEKFINDRVGKYSPEVFQTSLLGHNMAVFCGSGGNKFLYSSENKSVTGWLPNPIMKVLFSPEHASNSYKEESAKLRKFLPELLKPEPLQQYIPVMDSMAKDHLKADWFPYKQVKVFPLSKTYTFSLACRLFMNIKDPEHVSRLQNHFNLVTKGILSLPLNFPGTAYNRAIKGGNMIREEIVGIMKERRELISESNGPEFIDILTRMLLVTDENAMDDMEIADRVVGLLFGSHDTTSASISMAMYYLADNPHVYTKVLKGSSP,50071.52704,8.101,16.8,2.6,-3.5
A0A4P1QQM0,MKHFSSKAMSLLLIMIALMAQVESTPCTSTFFSALVQLIPCRSAVAPFSPIPPTDSCCNALKALGQPCLCVLVNGPPIAGVDRSMASQLPDKCTTDFEPCGMIMGGDMKIVEGKICPQICYEAAYMTCPSTGDEHLSPACSCCIASTGCTLYNSDGTPICTAS,17061.04074,4.489,-2.4,-10.7,-16.3
Q9C7G9,MVTYKIWVMSFIIAGAILGGIIPGVTTTKTAIACPLYCLQVEYMTCPSSGADKLPPRCNCCLAPKNCTLHLSDSTTIHCSK,8667.36144,7.477,4.2,-0.4,-3.4
A0A1S3YTB5,MKGVGIGAVLISETGHHYPVTTQLRFYCTNNMAEYEACILGPRLAVDMGIQEVLVLGDSYLLLKRITSSNQRIQRKMAFYKASILSLLLLSGIFLLGIGEVKYVNAKSCLQFCDNEVAYMTCPSSGDEQISPVCVNCCTADEGCKLFRTDGSLICTGTQD,17480.32164,5.35,-0.2,-6.2,-10.0
A0A6N2M3G1,MSSTTTNTSPTTNSTAINSNSKNGSNQDPGSYFIDVARQYSSPIGPETELEPKELNTLNSSGGFIVVSTDKLSIKYPGVNLHGHDVGVIQADKPVPEKRLVYYFEIFVKNAGAKGQIAIGFTNQSFKMRRQPGWETNSCGYHGDDGNLYTGHGKGDAFGPTFTTNDTVGAGINYASQEFFFTKNGAVVGAVYKDKDMKGPLFPTVAVHSQNEEQEAMKQISAVDKISLPPNISYRLVRSYLLHYGYEATLNAFDVASKNTIPPIYIAQENGSGEQDIAYALTHRKTLRQLIRNGEIDAALSNLRDWYPQIMQDEKSAACFLLHCQNFIELVRDCVALLAYEQPQKCSAGYLLEDSQREIVADAVNAMILSTDPNVKDSQSCLRSHLESLLRQLTVCCLERRSLNGDQGEVFHLHRRLTLHSSDSGRNMTGARPTANAMVLLLLVLLGAIGGDSIAKACPLYCLDVDYMTCKSSGDKKLDSACNCCLAPQNCTLHLADGRRKSRNTKLPQGKTGWPVIGETWDFMMAARCGTPEKFINDRVRKYSPEVFQTSLLGHNMAVFCGSGGNKFLFSSENKSVTGWLPHPLLKILFSPERVINSFKEESAKLRKFLPELLKPEPLQHFIPVMDSMAKDHLKADWFPYKQVKVFPLSKTYTFALACRLFMRIKDPEHVSRLQNHFNLVTKGILSIPLNFPCTAYNRAINGGNMIRAEILAIMEDRRRELIISESKEPEFIDILTRMLLVRDENGNPMDDMEIVDRVVGLLFGSHDTTSASISMVMYYLADNPHVYMKVLKEQVEIQKLKAPGEFLTWNDTQKMKYTWCVVCEVMRLSPPAHGGFREAIADFSYADFTIPKGWKVLWSVHSTHKNPKYFRDPERFDPSRFERNGIEPYSFVPFGGGPRMCPGKEYARLAILVFMHNVVTQFRWEKVIQDEKIITS,105239.42164,7.428,23.3,-5.9,-16.9
A0A6N2LRF0,MSSTTTNTSPTTNSTAINSNSKNGSNQDPGSYFIDVARQYSSPIGPETELEPKELNTLNSSGGFIVVSTDKLSIKYPGVNLHGHDVGVIQADKPVPEKRLVYYFEIFVKNAGAKGQIAIGFTNQSFKMRRQPGWETNSCGYHGDDGNLYTGHGKGDAFGPTFTTNDTVGAGINYASQEFFFTKNGAVVGAVYKDKDMKGPLFPTVAVHSQNEEYVAHLLQLVAIFNYYSETVCLSIPVLDLNYADMVDYPVATMEYERQEAMKQISAVDKISLPPNISYRLVRSYLLHYGYEATLNAFDVASKNTIPPIYIAQENGSGEQDIAYALTHRKTLRQLIRNGEIDAALSNLRDWYPQIMQDEKSAACFLLHCQNFIELVRDCVALLAYEQPQKCSAGYLLEDSQREIVADAVNAMILSTDPNVKDSQSCLRSHLESLLRQLTVCCLERRSLNGDQGEVFHLHRRLTLHSSDSGRNMTGARPTANAMVLLLLVLLGAIGGDSIAKACPLYCLDVDYMTCKSSGDKKLDSACNCCLAPQNCTLHLADGRRKSRNTKLPQGKTGWPVIGETWDFMMAARCGTPEKFINDRVRKYSPEVFQTSLLGHNMAVFCGSGGNKFLFSSENKSVTGWLPHPLLKILFSPERVINSFKEESAKLRKFLPELLKPEPLQHFIPVMDSMAKDHLKADWFPYKQVKVFPLSKTYTFALACRLFMRIKDPEHVSRLQNHFNLVTKGILSIPLNFPCTAYNRAINGGNMIRAEILAIMEDRRRELIISESKEPEFIDILTRMLLVRDENGNPMDDMEIVDRVVGLLFGSHDTTSASISMVMYYLADNPHVYMKVLKEQVEIQKLKAPGEFLTWNDTQKMKYTWCVVCEVMRLSPPAHGGFREAIADFSYADFTIPKGWKVLWSVHSTHKNPKYFRDPERFDPSRFERNGIEPYSFVPFGGGPRMCPGKEYARLAILVFMHNVVTQFRWEKVIQDEKIITS,110468.44344,6.906,19.2,-11.3,-22.7
A0A3Q7IU74,MVGFSWITSPAATELEMIALDWLGKALKLPDRFISTGEENTFPYSTKQIKVTLENMAIHKVALLLLLGIILLVSNVEHTNAKARTEQCDPRIAFGICPHLQTKRINQICINCCAGKKGCNYFSADGTFICEGESEYVSEVNDNLEKHCPRNCDPRIAYVICPRSEISNKIDLNGICTNCCAGKKRCNYFSADGTFICEGESKFVSEADNNHGKPCPRIAYVICPRSEISNEIDLNGICTNCCAGKKGCNYFSANGTFICEGESKFVSEADNNHGKPCPRNCDPRIAYAICPHSKISNKIDLSGICTNCCAGKKGCYYFSVDGTFICEGESDYVSKIKNDVGKACPFNCDPRITYGICPHSKISNKIDLNGICTNCCTGKKGCNYFSADGTSNCEGEFEYVSAGKNDLQKSKIFVS,45451.88224,6.46,6.7,-16.2,-30.7
A3FMA3,MAASKFYVASCALLLIGVVLLGQQGIDGAVACPQFCLDVDYVTCPSSGSEKLPARCNCCMTPKGCTLHLSDGTQQTCS,8091.43654,5.103,-0.3,-4.8,-7.9
A0A199W8X6,MGRTRLSMAPFLVLSGIILLVGLFQSSAKAVACPQYCLDVSYVTCTSSGEERLPARCNCCLAGKGCTLHLSDGSQMTCS,8322.78094,7.234,2.7,-1.3,-4.1
Q6H3X6,MAVHKEVNFVAYLLIVLGMFLYVDAKACTRECGNLGFGICPRSEGSPLNPICINCCSGYKGCNYYNSFGKFICEGESDPKRPNACTFNCDPNIAYSRCPRSQGKSLIYPTGCTTCCTGYKGCYYFGKDGKFVCEGESDEPKANMYPVM,16292.75374,6.905,3.2,-4.8,-10.7
A0A314Y0L5,MAADKNIGAMVLLLVCGSILLLAINPTEAKVCNKICYGAAAYMTCPSSGNTQLDPVCNCCLAPALGCTLYESDGTPICTST,8291.77004,4.016,-1.9,-5.8,-8.9
W5ADU4,MATSRLHIACALLLAGVVLLGQNQEGMEAVACPQYCLEVDYITCPSSGSQKLPARCNCCMAPKGCTLHLSDGINQTCS,8203.58904,5.739,0.4,-4.7,-7.9
A0A398AAP9,MATYKIWLMSLMITGAILADVIPGVTITKTAIACPLYCLEVEYMTCPSSGDEKLPPRCNCCLAPKDCTLHLSGSTSIHCTK,8739.43744,6.435,1.4,-3.4,-6.4
E9JGS8,AVHKVSFLACLLVLGWMFLLAKHVDAKACTRECGHFSYGICPRSEGSPEKPICTNCCSGYKGCNYYSAKGDLICEGESDPRNPNDCTFECDTQIAYSKCPRSEGKMIIKPTGCTTCCTGYQGCYYFDQDGDFVCEGESPEPKTTAYY,16195.35374,4.952,-1.5,-11.2,-17.4
A0A6A4NEK3,MGLNKVGFILLVIVYGGIISGGNMKMVEGDKICPQICYEAAYMTCPSTGDDHLSPACNCCIASTGCTLYNSDGTPICTASSSSNI,8792.15134,4.099,-2.2,-6.4,-9.2
A0A6A4MYI2,MRCKIHHDCNKSMAFNKVGFILFVILSGAIMIGGNMKSVDGKICPLICYDAAYMTCPSTSDEHLTPLCNCCLASTGCKLYNADGTLICTAQ,9801.60064,6.875,2.8,-3.2,-6.9
A0A0Q3GR06,MECLAGEYMTCPSTGCDKLAPACNCCVASEERCTIYLKNGEVKKCT,4968.80434,4.662,-0.7,-4.4,-7.3
Q7M222,MAFNKVALLILFAIFAGTVLLLSEVDAANACPRNCNPSIQYGRCPKSGNKKFKVGCTNCCSGTEGCNYYSANGTFICEGQTKKTIDETNKACPRNCNPRIAYSICPGNKRSEGRICTNCCAGSKGCNYYTVDGTFVCEGESKVDSS,15636.82644,7.496,6.5,-0.8,-6.8
I1HDV9,MAASRFHIACALLLFGAVLLGQDGKAGMEAVACPQYCLEVEYTTCPSSGSEKLPARCNCCMAPKGCTLHLSDGTKQTCR,8329.75004,6.919,2.4,-2.8,-6.0
A0A1U7YPZ0,MAFYKASILSLLLLSGIFLLGIGEVKYVNAKSCLQFCDNEVAYMTCPSSGDEQISPVCVNCCTADEGCKLFRTDGSLICTGTQD,9015.43344,3.96,-3.7,-7.4,-10.3
M5XPI6,MAADKNIGAMVLLLVCGSILLLAINPTEAKVCNKICYGAAAYMTCPSSGSTQLDPVCNCCLAPALGCTLYESDGTPICTST,8264.74444,4.016,-1.9,-5.8,-8.9
A0A2T7DPK9,MAASRVHITCALLLIGAVLLGQGQEGMEGAFACPQYCLEVDYVTCPSSGAEKLPARCNCCMTPKGCTLHISDGTQQTC,8167.51234,5.136,-0.6,-5.7,-8.9
A0A446KEB4,MATFRLHISCALLLAGVVLLGTNQGGMEAMACPQYCLEVDYITCPSSGSQKLPARCNCCMAPKGCTLHLPDGINQTCS,8222.69614,6.362,1.3,-3.7,-6.9
A0A2T7C1D4,MATIKLALPVALLLCGLMVIGCSVQSAEAKPGRMCAMYCLDAKYMTCPPKDTEQLPPACNCCVAEKRGCTIYLSNGGVEKCP,8688.49034,7.101,2.3,-2.3,-5.9
A0A2T7C1D7,MVIGCSVQSAEAKPGRMCAMYCLDAKYMTCPPKDTEQLPPACNCCVAEKRGCTIYLSNGGVEKCP,6966.22634,6.795,1.3,-2.8,-6.1
A0A2T7DPN3,MCTVGCLCLTMMAAILAAGAVLLGQGQEGMEGAFACPQYCLEVDYVTCPSSGAEKLPARCNCCMTPKGCTLHISDGTQQTC,8371.84474,4.241,-2.2,-7.6,-11.3
A0A2P6PEU3,MCMHVHKGFCSIMRVDVYAGSIILGGIPTEAKVCPLICYDAAAYMTCPSSGNEHLSPLCNCCLASEPGCALDLSDGTRLDASVLVLE,9153.70324,4.371,-2.9,-8.7,-11.9
A0A2P6PET9,MCMHVHKGFCSIMRVDVYAGSIILGGIPTEAKVCPLICYDVAAYMTCPSSGNEHLSPLCNCCLASEPGCAIYLSDGTRLCTST,8795.32654,5.524,-0.1,-6.1,-9.6
A0A6D2KGX0,MAICKIWVMFLILIVGGVILGVTTTKTATTCPLYCLQVEYMTCVSSGDDKLPPRCNCCLAPKNCTLHLSDSTSIHCKK,8497.25224,7.427,4.2,-0.8,-4.2
A0A371H7D0,MAFNKVGVILLVFVCGAIVLGGNNEKVVACPQICYEAAYMTCPSSGDQHLTPACNCCIASTGCTLYNEDGTSICTAT,7971.23874,4.085,-2.2,-6.7,-9.9
A0A2P6PEW5,MARDKSMGAIVLLLVCGSILLGMSPTEACPQFCYEAAYMTCPSSGSTHISPSCNCCLAPQVGCKIYYSDGTLICTKT,8107.55244,6.192,0.7,-3.8,-6.9
A0A2P6PEV5,MATDKSMGAIVLLLVCGSILLGMSPTEAKVCPQICYEAAYMTCPSSGSTHLSPSCNCCLAPEVGCKIYNSDGTRICTST,8199.60434,5.183,-0.2,-4.8,-7.9
A0A2P6PET4,MARDKSMGAIVLLLICGSILLGMNPTEAKVCIQICYEAAYMTCPSSGSTHLSPSCNCCLAPEVGCKIYNSDGTQICTST,8283.72504,5.183,-0.2,-4.8,-7.9
S8C5T1,MESAGARFCPLFCFRSEYMTCPSTGYERLPPQCNCCLAGPGCKIYGFDGRLLCAEPEAPRLPPRCNCCLAGPGCKIHGFDGRLLCAEPEVPYP,10124.83614,6.155,1.0,-5.4,-9.8
S8C608,MAARNYAVSFALLILIIAAVEGSKACYLICFDAAYMTCPSTGLQKLAPACNCCLAGSGCKIYAADGSLICSKP,7515.97194,7.179,2.1,-1.4,-4.3
A0A2P5BLP1,MAATNKLSVILPLLVIAATLVALQPENVAGKVCPQFCLDAEYMTCGSSDERLNPSCNCCLAPQGCTLYFSDGTSQYCA,8238.54884,3.883,-2.8,-6.4,-9.1
A0A6A1VLD3,MLLKRITPLPYQCHNNTAQQVSHGANTFGSGPFILETSDYNRSIRKVRIDRGHTSTREFDFLGSCNGLLLLSRCRTPPDLFIWNPCSGKKKKVSCPDRFVLEHQGANVNGVPHWLFSKKDSIDNMSIAYFDPAEEKFRKLSLPADRKAIFDTISLGALGGCLSVTYVSLAVGGLIMSETWAMQLTFKTTLGTMAKYLGLTVLLLVYGDEKLDPKCNCCLAPKNCTLHLADGTSVHC,26108.25514,8.095,11.8,2.2,-2.5
A0A0D3FNQ1,MASIKLALPMALLLCGLMVIGSIQSAEAQGGKFCPQFCYDGLEYMTCPSTGSQHLKPACNCCIAGEKGCVLYLNNGQVINCT,8637.23794,6.196,0.8,-3.8,-7.0
M4CUW0,MATYKIWLMSLMITGAILADVIPGVTITKTAIACPLYCLEVEYMTCPSSGDEKLPPRCNCCLAPKDCTLHLSGSTSIHCTK,8739.43744,6.435,1.4,-3.4,-6.4
B9S759,MATYKVALALLLLYGAISLQATSGKACPLYCLDVEYMTCQSSGDEKLNPSCNCCLAPKNCTLHLSDGTSLFCKPN,8011.37214,6.221,0.7,-3.4,-6.4
Q1WL41,MAVHRVSFLALLLLFGMSLLVSNVEYADAKACPRNCDPRIAYGVCPRSEEKEDNQICTNCCAGRKGCNYFSADGTFVCEGESDPKNPKGCPRICDPRIAYRICRRSEEKKNDRICTNCCAGTKGCNYFSDDGTFVCEGESDPRNPKACPRNCDPRIAYGICRRSEEKKNDRICTNCCAGTKGCKYFSYDGNFVCEGESDPTNPKACPRNCDGRIAYEICPRTEEKKNDRICTNCCAGTKGCKYFSYDGTFVCEGESDPRNPKACPRNCDGRIAYGICPRAEEKNNQICTNCCAGMKGCNYFSANGTFICEGESEYVSKVDEYVLEVENDLQKSRVAVS,37486.27804,6.394,3.7,-15.9,-30.4
A0A3P6DUN5,MATYKIWLMSLMITGAILADVIPGVTITKTAIACPLYCLEVEYMTCPSSGDEKLPPRCNCCLAPKNCTLHLSGSTSIHCTK,8738.45264,6.949,2.4,-2.4,-5.4
A0A6G1DPF0,MASIKIALPVTLLLCGLMVIGSIQSTEAQKGKICPQFCYDGIEYMTCPSTGGKHLKPVCNCCLADEKGCSIYLSNGQVVNCT,8705.33634,6.838,1.8,-2.8,-6.2
A0A6A1VLA0,MAEYLGLTVLLLVYGAILLGNNPEKISARVCPRFCLDVEYMTCPSSGDKKLDSRCNCCLAPKNCTLHLADGTSVHC,8250.69894,6.448,1.4,-3.4,-6.3
B6SSS5,MAASKFYVASCALLLIGVVLLGQQGIVGAVACPQFCLDVDYVTCPSSGSEKLPASCNCCMTPKGCTLHLSDGTQQTCS,8006.37124,5.067,-0.4,-4.8,-7.9
I1PF65,MASIKLALPMALLLCGLMVIGSIQSAEAQGGKFCPQFCYDGLEYMTCPSTGSQHLKPACNCCIAGEKGCVLYLNNGQVINCT,8637.23794,6.196,0.8,-3.8,-7.0
A0A453A379,MATSRLHIACALLLAGVVLLGQNQEGMEAVACPQYCLEVDYITCPSSGSQKLPARCNCCMAPKGCTLHLSDGINQTCS,8203.58904,5.739,0.4,-4.7,-7.9
Q94I92,CDPEVAYMVCPSSGHRIIKPVCVNCCSARKGCKLFCNNGSVKCTGT,4880.77834,7.67,4.6,0.6,-2.3
A0A6P6UW59,MAISRINGVMAILLCGMILLSSNVEVKVVEACPQYCLDVEYMTCGNSETKLPPRCNCCLAPKGCTLHLADGTSQYCS,8275.79474,5.239,-0.2,-4.8,-7.9
A0A0E0P0X3,MASIKLALPMALLLCGLMVIGSIQSAEAQGGKFCPQFCYDGLEYMTCPSTGSQHLKPACNCCIAGEKGCVLYLNNGQVINCT,8637.23794,6.196,0.8,-3.8,-7.0
D8SAC5,MAASFLFLTILSFQLLLISAAGSHRLQVCSDAVVTLDECSNCCALKAGCIYLEPGTGSPVCLGGTSASRLCPLICEPPKIKVCPSRGTNRIPISVLPPDKEPSNGCHLYNLKTGAPLPVNGDDKSCLKDAVEICGGTVHPWTPGSCATCCTIPQGCLDLGHGKSICVSGPGKVCTRECGFVSYVCPGPKSVALDFNSCHTCKKPLKEGCKLYNRQGHQLCVKEDDLLQLA,24199.26044,7.013,7.1,-7.1,-15.9
A0A4Y1QVW4,MSSILLGINPSTAKICPQYCTDQAGYMTCPSSGNTQLSPSCNCCLAPAGCTLYRADGTSICTGT,6543.47104,5.361,-0.0,-3.3,-6.0
A0A4Y1QW03,MNISRAIFIAFKLTEKHGCRQEYWSNGSILLLAINPTEAKVCNKICYGAAAYMTCPSSGSTQLDPVCNCCLAPALGCTLYESDGTPICTST,9746.27884,6.21,0.8,-3.8,-7.0
D8QVL0,MAASFLFLTILSFQLLLISAAGSHRLQVCSDAVVTLDECSNCCALKAGCIYLEPGTGSPVCLGGTSASRLCPLICEPPKIKVCPSRGTNQIPISVLPPDKEPSNGCHLYNLKTGAPLPVNGDDKSCLKDAVEICGGTVHPWTPGSCATCCTIPQGCLDLGHGKSICVSGPGKVCTRECGFVSYVCPGPKSVALDFNSCHTCKKPLREGCKLYNRQGHQLCVKEDDLLQLA,24199.21704,6.865,6.1,-8.1,-16.9
Q1WL47,MAVHRVSFLALLLFFGMSLLVSNVEHAKACTRECDTRIAYGVCPRLEEKTNNRICTNCCAGKKGCKYFSDDGTFVCEGESDPRNPKPCPRNCDGRIAYGICPLSEEKKNNQLCTNCCAGTKGCKYFSADGTFVCEGESDPRNPKPCPRNCDGRIAYGICPLSEEKKNNRLCTNCCAGTKGCSYFSADGTFVCEGESDPRNPKPCPRNCDGRIAYGICPRSEEKKNDRICTNCCSGKKGCKYFSDDGTFVCEGESDPRNPKGCTFECDPGIAYGICPLSEEKKNNRLCTNCCAGKKGCNYFSSNGTFICEGESEYASKVVEYVGEVEVAVS,36018.77654,6.629,5.2,-15.0,-29.6
A0A6P6UNR4,MAGTKVGVITLLLCATILLGLKPEHASAKVCPFFCYAEVAYMTCPPAPYKKLGPVCNCCLAKPGCKLFRADGTVICTAS,8284.08984,7.743,5.7,1.1,-2.3
A0A438H016,MLIHDALAGVVLLGETSKSFGAKACPLYCLDVDYITCVSSGEEKLTAPCNCCLAPKQCTLHLVDGSEVQCD,7492.69784,4.155,-3.5,-8.4,-11.3
Q1WL46,MAVHRVSFLALLLLLGMSLLVSNVEHADAMTCTRECDPRIDYRVCPLSEEKKNDRICTNCCAGKKGCKYFSDDGTFVCEGESDPRNPKPCPRNCDGRIAYGICPLSEEKKNDPICTNCCVGKKGCKYFSYDGTFVCEGESDPRNPKPCPRNCDGRIAYGICPLSEEKKNDPICTNCCAGKKGCKYFSYDGTFVCEGESDPRNPKPCPRNCDGRIAYGICPLSEEKKNDRLCTNCCAGKKGCKYFSDDGTFVCEGESDPRNPKGCTFECDPRIAYGICPLSEEKKNNRLCTNCCAGKKGCNYFSSNGTFICEGESEYASKVVEYVGEVEIDLPKSKVAVS,37309.48134,6.176,3.3,-17.1,-32.0
A0A5N6R566,MAKCSFGVTVLLLIYGAILLGIIPEKTRSVVKACPLYCLDVEYMTCQSSGEEKLNPRCNCCLAPKNCTLHLADGSSVHCE,8667.27524,6.417,1.5,-3.8,-7.1
Q1WL42,MAVHRVSFLAVLLLFGMSLLVSNVEYADAKACPRNCDPRIAYGVCPRSEEKEDNQICTNCCAGRKGCNYFSADGTFVCEGESDPKNPKACPRNCDPRIAYRICRRSEEKKNDRICTNCCAGTKGCNYFSDDGTFVCEGESDPRNPKACPRNCDTRIAYGICRRSEETKNDRICTNCCAGTKGCKYFSYDGNFVCEGESDPRNPKACPRNCDGRIAYEICPRTEEKKNDRICTNCCAGTKGCKYFSYDGTFVCEGESDPRNPKACPRNCDGRIAYGICPRTEEKNNQICTNCCAGTKGCNYFSANGTFICEGESEYVSKVDEYVLEVENDLQKSRVAVS,37519.16314,6.394,3.7,-15.9,-30.3
A0A6N7M2Q3,MCPQNCVPRIDYSPTPMHDKQRVAPLCCVSGTFPIFLP,4263.06704,7.182,1.6,-0.7,-2.1
A0A3Q7FEJ3,MALHKDVSFLASLLVLGLMFLHVSAEIDQGRDIINPKPCTRECGNFSYAICPRSEGSPRTPICTTCCAGYKGCKYYNANGTFICEGQSDPRKPNEHCPKECDRKIAYSKCPHSEGPTKIIPTKCTTCCTGYKGCYYYGKDNKFVCEGQSNEPKVCTQQCDPKVAYMTCPPESTKLTRVCVNCCTAKPGCKLYGHDGSLICIGGVKPH,22682.24094,7.461,12.2,-2.2,-11.3
A0A3Q7IU01,MQTPKLALKNVTVEFHMGFAQFYKLKELMEYCSGIVGCKYFSKDYTFICDGESKWFGEKAYTKECDPRIDIGICASDLTKKVDALCTNCCAGKKGCNYFDENGTFICEGESEGENTLQKSNVAIS,13985.97334,4.874,-1.5,-7.4,-11.6
I6Q7H6,MAVHKEVNFVAHLLIVLGMFLYVDAKACTRECGNLGFGICPRSEGSPLNPIFINCCSGYKGCNYYNSFGKFICEGESDPKRPNACTFNCDPNIAYSRCPRSQGKSLIYPTGCTTCCTGYKGCYYFGKDGKIVCEGESDEPQANMYPVM,16276.69604,6.694,2.7,-5.4,-10.8
I3QHE9,MAVHKEVYFVAYRLIVLGMFLYVDAKACTRECGNLGFGICPRSEEKVPALIPHIAFNWLATREIYNSFGKFICEGESDPKRPNACTFNCDPNIAYSRCPRSQGKSLIYPTGCTTCCTGYKGCYYFGKDGKFVCEGESDEPKANMYPVM,16597.16944,7.071,3.9,-3.1,-7.7
A0A3Q7FH23,MALHKDVTFLASLLVLGLMFLHVSAEIDQGRDIINPKPCTRECGNFSYAICPRSEGSPKSPICTTCCAGYKGCKYYNANGTFICEGQSDPRKPNEHCPKECNRKIAYSKCPHSEGPTKIIPTKCTTCCTGYKGCYYYGKDNKFVCEGQSNEPKVCTQQCDPKVAYMTCPPESTKLTRVCVNCCTAKPGCKLYGHDGSLICIGGVKPH,22653.24274,7.528,13.2,-1.2,-10.4
A0A3Q7G3D8,MLMPSLVLRNVVILGLGYAHVHKEVRKIPYAQTVVQVLKVAIIIVLMELLFVKDNLTLETQKLALEIVIHILPIQSVPVQEERRLFIPLDVPRVARDTKVATISVKMASLFVKERVMNPRYVRTLECDPRVAYMICPSSKLAKLNRVCVNCCTAGDGCKLYGYDGSLICTGEPQSYISTA,20141.14704,8.534,9.5,3.9,0.9
A0A368SF18,MVIGCSIQSAEAKPGRVCAMYCLNGTYMTCPPKDPEKLPPACNCCLAKKRGCTIYLSDGGAVSGEMPMESLIMKSKSKNEIDSCCLARTA,9572.33534,7.365,3.4,-1.3,-5.1
A0A3Q7HFS8,MASSKVGVLTLFFLCVFVVGSNYVEAQICPQFCEPNVDYMTCSSSGSTILRPTCINCCQATGRGCQLFRRDGSTICN,8343.67184,6.784,1.1,-2.7,-5.8
A0A3Q7FH03,MAVHKQVSFLAYLLLVLGLLLLVSAVEHVDVKPCTKECGHLGFGICPRSQGSPQNPICTNCCSGFKGCNYYSADGTFICEGQSDPKKPRACHLNCDPHIAYSKCPRSGGKTFIYPTGCTTCCTGYKGCYYFGKNGKFVCEGESDEPKELEIIEHKACTLECDPKVIYMTRSSSCLAKHYEVCVDYFTAGEGCNLYGYESLDYCYL,22577.93734,6.063,3.0,-11.3,-19.5
A0A3Q7GXR1,MAFCKVRILSLLLLSGIFLLGIEVEYGNAQKMCLQVCDNEVAYMTCPSSGDEKISGVCVNCCTADEGCKLYRADGSLICTGTPQ,9006.54904,4.19,-2.6,-6.8,-10.0
A0A3Q7FEG3,MAVHKQVSFLAYLLLVVGLLLLVSAVEHVDAKPCTMECGHLGFGICPRSQGSPQNPICTNCCSGFKGCNYYSVNGTFICEGQSDPRKPKPCPLNCDPHIAYSKCPRSGGKTFIYPTGCTTCCTGYKGCYYFGKDGKFVCEGESDEPKACTMECDPRVAYMICPSSGLAKLSQVCVNCCTAGDGCKLYGYDGSLICTGEPQSYISTA,22018.42514,6.598,3.9,-9.1,-17.8
A0A494GA31,MVMAINRVVCLALLLLSGTFLLGSKVESADGKACTRNCDPDVAYMVCPSSGHRIIKQVCVNCCSARKGCKLFRNNGSVKCIGN,8853.56274,8.302,7.6,3.2,-0.2
I3QHF1,MPVHKEVNFVAYLLYVLGMFLYVDAKACTRECGNLGFGICPRSEGSPLNPIFINCCSGYKGCNYYNSFGKFICEGESDPKRPNACTFNCDPNIAYSRCPRSQGKSLIYPTGCTTCCTGYKGCYYFGKSGKIVCEGESDEPQANMYPVM,16350.77504,6.926,3.1,-4.4,-9.9
A0A3Q7FH27,MAVYKVSFLAHLLVLGMYLLVSTVEHANACTKECGNLGYGICPGSEGSPENPICTNCCSGYKGCNYYNANGTFICEGTSDPKNPNICPSYCDPQIAYSKCPRSEGKTIIYPTGCTTCCTGYKGCYYFGQDGEFVCEGESIEPKGCTKECDPRVAYMTCPSSGLAKLNQVCVNCCSAGEGCKLYDNDGSLLCTGEPQSISTA,21370.23064,4.47,-3.9,-16.1,-24.6
A0A6N2AW41,MAFNKVALLILFAIFAGTILLLSEVDAANACPRNCNPSIQYGRCPKSGNKKFKVGCTNCCSGTEGCNYYSANGTFICEGQTKKTIEETNKACPRNCNPRIAYSICPGNKRSEGRICTNCCAGSKGCNYYTVDGTFVCEGESKVDSS,15664.88014,7.496,6.5,-0.8,-6.8
A0A6N2ASC2,MAVRKEVNFVAYLLIVLDIMFVVGMFLHVDAKACTRECGNLGFGICPRSEGSPLNPICINCCSGYKGCNYYNSFGKFICEGESDPKRPNACTLNCDPNIAYSRCPRSQGKSLIYPTGCTTCCTGYKGCYYFGKDGKFVCEGESDEPKANMYPAMRL,17197.92354,7.105,4.2,-3.8,-9.7
A0A6N2ALW1,MASSKVGVLTLFLLCVFVVGSNYVEAQICPQFCEPNVDYMTCSSSGSTILRPTCINCCQATGRGCQLFRRDGSAICN,8279.62834,6.784,1.1,-2.7,-5.8
A0A314KX99,MAIHRVAFLALLLLSGAVLLGNKVECADGKACTRNCDPDVAYMVCPSTGQRITKPCVNCCSARKGCKLFHSNGSVKCTGT,8418.96534,8.106,7.2,2.2,-1.2
Q1WL35,MAAHRVSFLALLPLFGMSLLVSIVEHADAKACPRNCDGRIAYGICPRSEEKKNDRICTNCCAGMKGCNYFSADGTFVCEGESDPINPKACPFNCDPRIAYGVCPRSEEKKNNQICTNCCAGRKGCYYFSADGAFVCEGESDPKNPKACPRNCDGRIAFKVCPRSEEKKNDRICTNCCAGRKGCSYFSADGTFVCKGESDPRNPKACPRNCDPRIDFGICPLSEEKKDNQICTNCYAGMKGCYYFSADGTFVCEGESDPRNPKPCPRNCDGRIAYGICPRSEEKKNDRICTNCCAGTKGCSYFSADGTFVCKGESDPRNPKACPRNCDPRIDFGICPLSEEKKDNQICTNCCAGMKGCNYFSADGTFVCEGESDPRNPKPCPRNCDGRIAYGICPRSEEKKNDRICTNCCAGTKGCSYFSADGTFVCKGESDPRNPKACPRNCDPRIDFGICPLLEEKKDNQICTNCCAGMKGCNYFSANGTFICEGESEYVNKVENEHQMSKVAVI,55384.80544,6.81,9.4,-21.7,-44.6
Q1WL31,MAAHRVSFLALLPLFGMSLLVSIVERMSLLVSIVEHADAKACPRNCDGRIAYGICPRSEEKKNDRICTNCCAGMKGCNYFSADGTFVCEGESDPINPKACPFNCDPRIAYGVCPRSEEKKNNQICTNCCAGRKGCYYFSADGAFVCEGESDPKNPKACPRNCDGRIAFKVCPRSEEKKNDRICTNCCAGRKGCSYFSADGTFVCKGESDPRNPKACPRNCDPRIDFGICPLSEEKKDNQICTNCYAGMKGCYYFSADGTFVCEGESDPRNPKPCPRNCDGRIAYGICPRSEEKKNDRICTNCCAGTKGCSYFSADGTFVCKGESDPRNPKACPRNCDPRIDFGICPLSEEKKDNQICTNCCAGMKGCNYFSADGTFVCEGESDPRNPKPCPRNCDGRIAYGICPRSEEKKNDRICTNCCAGTKGCSYFSADGTFVCKGESDPRNPKACPRNCDPRIDFGICPLLEEKKDNQICTNCCAGMKGCNYFSANGTFICEGESEYVNKVENEHQMSKVAVI,56513.20084,6.815,9.5,-21.7,-44.6
A0A6L5BAJ4,MASRVTFLVLLVSGILLLEAGAVAKACPLYCLEVDYMTCPSSGDTKLDPKCNCCLAPKGCTLHLSTGTSMFCGKT,7863.39944,6.897,1.7,-2.4,-5.4
Q1WL49,MAVHRVSFLALLLFFGMSLLVSNVEHAKACTRECDTRIAYGVCPRLEEKTNNRICTNCCAGKKGCKYFSDDGTFVCEGESDPRNPKPCPRNCDGRIAYGICPLSEEKKNNRLCTNCCAGMKGCNYFSADGTFVCEGESDPRNPKPCPRNCDGRIAYGICPLSEEKKNNRLCTNCCAGTKGCNYFSADGTFVCEGESDPRNPKPCPRNCDGRIAYGICPLSEEKKNNRLCTNCCAGTKGCNYFGADGTFVCEGESDPRNPKRCTRECDPRINYRICPRSEEKKNNRICTNCCSGKKGCKYFSDDGTFVCEGESDPRNPKGCTIECDPRIAYGICPLSEEKKNNRLCTNCCAGKKGCNYFSANGTFICEGESEYASKVVEYVGEVEDDLQKSKVAVS,43470.23804,7.006,9.6,-14.4,-31.9
A0A445A6L7,MAFNKVGVIFLVMVICGMIILEGEVKRVEGCEQVCYEAAYMTCPSSASGEEHLSPACNCCLAPRGCTLYNSDGSTICTAN,8504.90014,4.212,-2.9,-7.7,-10.9
E9JGT0,MAIYKVALLLLFGMIVLGSNADGKPCTRECDTRIAYGICPLSETKRINQICTNCCAGKKGCMYFSNDGTFICEGESEYVSEVPVDNKPCPRNCDGRIAYGICPLSENKRINQICTNCCAGKKGCLYFSNDGTFICEGESEYVSENDLQKIKVAIS,16977.56284,5.093,-0.1,-7.8,-13.8
A0A6A6L7G5,MGGFRAGVILLLFLYGTISLGIIPGSGRAIACPLYCLDVDYMTCQSSGDKKLSPGATAAWLPRTAPFTFLMVLHFIVSLDES,8757.36074,6.52,0.7,-1.3,-2.4
A0A5J9V188,MRGVLHWIVTGLMVDGCYIKSSEAGQGRFFPCPMYCLNAAYMTCTSSGGQHLEAVCNCCVVKKKGCTICLNNRQPMKKGIASIVLEKSETLRADGSAIGIYVNGWRVLVQLGVAAELRETANVITA,13590.98784,7.908,6.6,1.2,-2.3
Q1WL40,MAVHRVSFLALLLLFGMSLLVSNVEHADAKACTFNCDPRIAYEICPRTEEKKNDRICTNCCAGRKGCKYFSDDGTFVCEGESDPKNPKGCPRNCDGRIAYGICPLSEEKKNDRICTNCCAGMKGCNYFSADGTFVCEGEYDPRNPKACPRNCDTRIAYGICPRTEAKKNDRICTNCCAGTKGCKYFSDDGTFVCEGESDPRNPKACPRNCDGRIAYGICPLSEEKKNDRICTNCCAGTKGCKYFSDDGTFVCEGESDPRNPKACPRNCDGRIAYGICPRTEEKKNNQICTNCCAGTKGCNYFSANGTFICEGESDPRNPKACPRNCDGRIAYGICPRTEEKKNNQICTNCCAGTKGCNYFSANGTFICEGESEYVSKLDEYVHEVENDLQKSRVAVS,43649.23984,6.593,6.1,-18.4,-35.8
A0A1U7XB93,MAVHKVSFVAHLLVLGMFLLLVDAKACTKECGNFAYGICPRSQGTPDDPICTTCCAGYKGCNYYSANGTFICEGSSDPKNPNFCPQFCDPDIAYSKCPRSEGETIINPTGCTTCCTGYKGCYYFGQDGEFVCEGESDEPKSCTTECDPRVATISCPFSGLVKINQECINCCNADKGCELYDNDGSLICTGGEPQSAA,21032.70954,4.069,-8.9,-21.1,-29.6
A0A1U7XKN6,MAIHKVGFLALLLLFGTHVLGSKMATAAEEEKSCPRDCISDAAYMVCPTRHGRHKLIESYCDNCCTLPENCKLFKENGDLICTGTDY,9614.16604,5.874,0.8,-5.4,-8.4
A0A484LDR5,MALSNKIGFFILLLVCGMILEGKNGNAETICTLECNTKAVYIRCLPDKKKTKIGSGGCTNCCVSRKRGCQLYDSNDRRLCAPLIAN,9376.14324,8.282,7.2,3.1,-0.4
A0A484MPX3,MATYNKVCLFTVVFLVCGIFLMGNNVEQVNAQICTQECNPNAAYMICQPNNKKTKNVCTNCCKIQNTRCHIYTSKGGLIC,8917.53064,7.67,5.6,0.8,-2.9
A0A1U7VHX6,MAVHKVGFLSLLLLFGTFLLLSEVDYADAKACTRNCNPRIRYGRCPKSGNKKFNVGCTNCCAGSLGCNYYSANGTFVCEGESETKVETIETDVETIETEVETMVESNKVCPRNCDPKIRYGRCPKSGNKKFNVGCTNCCAAKKGCNYFSANGTFVCKGESVVESMIEAVKPCRRNCDGRISYSVCGNKKSSGRICTNCCAGKKGCNYFSADGTFVCEGESGVESI,24332.78834,7.415,8.8,-3.3,-12.3
A0A2C9U1Z6,MGRVRAAFMLLLFVYGSISIGMSPGRAIVCPLYCLDVDYMTCPSSGEEKLSPSCNCCLAPKNCTLHLSDGSSIYCKPHEF,8700.23834,6.398,1.4,-3.3,-6.2
A0A1U7XTK4,RICTNCCAGKKGCKYFSDDGTFICEGESEYASKVDEYVREVENDLQKSKVAVSEVLTNNMYGAFPLPYFSDDGTFVCEGESDPRNPKACPRNCDPRIAYGICPLSEEKKNDRICTNCCAGTKGCKYFSDDGTFVCEGESDPRNPKACPRNCDGRIAYGICPLSKEKKNDRICTNCCAGKKGCKYFSDDGTFICEGESEYASKVDEYVREVENDLQKSKVAVSEVLTNNM,25380.40924,4.629,-5.2,-16.5,-25.0
A0A5J9UGK4,MSSEGCEAMAASKFHITCGLLLIGVMLLGQEQEGMAVVVACPQYCLEVDYVTCPSSGAQKLPARCNCCMTPKGCTLHLSDGTNQTCPS,9233.77994,4.635,-1.5,-7.2,-10.7
A0A2C9U386,MGGVRAALMLLFFYGSISIGMSPGRAIACPLYCLDVDYMTCPSSGEEKLSPSCNCCLAPKNCTLHLSDGSSLYCKPHEF,8473.91634,5.754,0.4,-4.3,-7.2
A0A1U7VLC3,MFFLGSKVENANAKACLQKCNNEVEYMTCPSSGDEKIMPTCTNCCLAEVGCKLFRADGSLICVGNWNPDDPHE,7993.12084,4.306,-2.9,-7.4,-10.4
A0A5J9WB19,LDEQKLQTMAINKLALPVVLLLCGLMVDGCCIKNSEAGQGRFCPMYCLNAAYMTCKSTGDQHLDPACNCCVVEKKGCTIYLNDGQPVKCS,9737.51144,6.187,0.8,-4.7,-8.7
A0A1U7WDA6,MAVHRVSFLALLLLLGMSLLVSNVEHADAKACPLNCDPRIAYGVCPRSEEKKNDRICTNCCAGTKGCKYFSDDGTFVCEGESDPRNPKACPRNCDPRIAYGICPLSEEKKNDRICTNCCAGTKGCKYFSDDGTFVCEGESDPRNPKACPRNCDPRIAYGICPLSEEKKNDRICTNCCAGTKGCKYFSDDGTFVCEGESDPRNPKACPRNCDPRIAYGICPLSEEKKNDRICTNCCAGTKGCKYFSDDGTFVCEGESDPRNPKACPRNCDPRIAYGICPLSEEKKNDRICTNCCAGTKGCKYFSDDGTFVCEGESDPRNPKACPRNCDPRIAYGICPLSEEKKNDRICTNCCAGTKGCKYFSDDGTFVCEGESDPRNPKACPRNCDPRIAYGICPLSEEKKNDRICTNCCAGTKGCKYFSDDGTFVCEGESDPRNPKACPRNCDPRIAYGICPLSEEKKNDRICTNCCAGTKGCKYFSDDGTFVCEGESDPRNPKACPRNCDPRIAYGICPLSEEKKNDRICTNCCAGTKGCKYFSNDGTFVCEGESDPRNPKACTLNCDPRIAYGICPLSEEKKNDRICTNCCAGKKGCKYFSDDGTFVCEGESDPRNPKACPRNCDGRIAYGICPLSEEKKNDRICTNCCAGKKGCKYFSDDGTFICEGESEYASKVDEYVREVENDLQKSKVAVS,75345.06124,5.869,4.4,-38.5,-70.7
A0A484LX26,MATFNKVCLLTVVFLVCGIILMGNNVEQVNAQICTQECNPNAAYMICQPNNKKTKNVCTNCCKIQNTRCHLYTSKGALIC,8847.52374,7.68,5.6,0.8,-2.9
Q1WL48,MAVHRVSFLALLLSFGMSLLVSNVEHAKACTRECDTRIAYGVCPRLEEKTNNRICTNCCAGKKGCKYFSADGTFVCEGESDPRNPKPCPRNCDGRIAYGICPLSEEKKNNQLCTNCCAGTKGCNYFSADGTFVCEGESDPRNPKPCPRNCDGRIAYGICPLSEEKKNNRLCTNCCAGTKGCSYFSADGTFVCEGESDPRNPKPCPRNCDGRIAYGICPRSEEKKSDRICTNCCSGKKGCKYFSDDGTFVCEGEFDPRNPKGCTFECDPRIAYGICPLSEEKKNNRLCTNCCAGKKGCNYFSSNGTFICEGESEYASKVVEYVGEVEVAVS,36032.80644,6.774,6.2,-14.0,-28.5
A0A0E0D682,MASIKLALPTALLLCGIMVIGSIQSAEAQGGKICPQFCYDGLEYMTCPSTGSQHLKPACNCCIAGEKGCVLYLNNGQVINCT,8573.13324,6.196,0.8,-3.8,-7.0
K4AKH4,SNRTCPPSKLALPVTFLLCGLMVIGCSIQSAEAKPGRVCAMYCLNGTYMTCPPKDPEKLPPACNCCLAKKRGCTIYLSDGGALYCMGRLLQE,9850.80654,7.605,5.2,0.3,-3.7
B9IQG0,MGGARLAASAVVLLVLGVVLLGASGGNLIAKACPLYCLDVDYMTCESSGDKKLNSACNCCLAPKNCTLHLADGRMVQC,7976.48134,6.925,1.7,-2.4,-5.3
A0A1S2Z6Q3,MAFKVGAILLVLVFGAILLGGNLNFVDAKVCPLICYDSAGYMTCPSSGDQHLSPPCNCCLASTGCKIYKADGTLICTAS,8150.65864,6.209,0.6,-3.4,-6.3
A0A3N6RQ47,MATYKIWLMSLMITGAILPDVIPGVTITKTAIACPLYCLEVEYMTCPSSGDEKLPPRCNCCLAPKNCTLHLSGSTSIHCTK,8764.49054,6.949,2.4,-2.4,-5.4
M1BKA8,MYILNRFFFFVFGTVFLVGSNYVEAQICPQFCEPNVDYMTCSSSGSTILRPTCINCCQARGRGCQLFRRDGSAICN,8568.91174,7.201,2.1,-1.3,-4.0
I3QHF0,MAVQQEVNFVAYLLIVHGMFLYVDAKACTRECGNLGFGICPRSEGSPLNPICINCCSGYKGCNYYNSFGKFICEGESDPKRPNACTFNCDPNIAYSRCPRSQGKSLIYPTGCTTCCTGYKGCYYFGKDGKFVCEGESDEPKANMYPVM,16307.68164,6.624,2.2,-5.8,-11.6
A0A494GA05,MDVHKQVSFLAYLLLVLGLLLLVSAVEHVDANSCTKECGHLGFGICPRSQGSPQNPICTNCCAGFKGCNYYSAHGTFICEGQSDPRKPKACPRNCDPHIAYSKCCTGYKGCYYFGKDGKFVCEGESDEPKGTVANSMDMMDL,15408.67864,6.202,2.4,-6.9,-12.2
Q5YLI5,VHRVSFLALLLLFGMSLLVSNVEHADAKACPRNCDGRIAYEICPRSEEKKNDRICTNCCAGTKGCKYFSDDGTFICEGESDPRNPKACPRNCDGRIAYGICPRSEEKKNDRICTNCCAGTKGCKYFSDDGTFICEGESDPRNPKACPRNCDGRIAYGICPRSEEKKNDRICTNCCAGTKGCKYFSDDGTFICEGESDPRNPKACPRNCDGRIAYEICPRSEEKKNDRICTNCCAGTKGCKYFSDDGTFICEGESDPRNPKACPRNCDGRIAYEICPRTEEKKNDRICTNCCAGTKGCKYFSDDGTFVCEGESDPRNPKACPRNCDERIAYGICPRTEEKKNNQICTNCCAGTKGCNYFSANGTFICEGESEYVSKVDEYVHEVENDLQKSRVAVS,43755.11564,6.042,3.5,-21.4,-38.9
D7KZ92,MASIYKIWVMSLIVAGAILGGVIPGVTTTKTAIACPLYCLQVEYMTCRSSGEEKLPPKCNCCLAPKNCTLHLSDSTSIHCNK,8792.48904,7.485,4.3,-0.4,-3.4
A0A484NKE6,MVAFNKACFFAFFIVFGILILENEVEVKADHVYCIDECDPQAAYMICPPHNERTDGVCKNCCQIKYFPELQGCHLFSANDTLIC,9560.11564,4.302,-3.8,-9.8,-13.0
A0A1J6KQH3,MAIHKVGFLAVLLLFGTHVLGSKMATAAEEEKSCPRDCISDAAYMVCPTRHGRHKLIESYCDNCCTLPENCKLFKENGDLICTGTDY,9600.13924,5.874,0.8,-5.4,-8.4
A0A1J6JY14,MAFYKAGILSLLLLSGIFLLGINEVKYVNAKSCLQFCDNEVAYMTCPSSGDEQISPVCVNCCTADEGCKLFRTDGSLICTGTQD,9042.45904,3.96,-3.7,-7.4,-10.3
A0A1J6J0L2,MAVHRVSFLALLLLFGMSMLVSNVEHADAKACPRNCDGRIAYEICPRSEEKKNDRICTNCCAGTKGCKYFSDDGTFICEGESDPRNPKACPRNCDGRIAYGICPRSEEKKNDRICTNCCAGTKGCKYFSDDGTFICEGESDPRNPKACPRNCDGRIAYEICPRSEEKKNDRICTNCCTGTKGCKYFSDDGTFVCEGESDPRNPKACPRNCDGRIAYEICPRTEEKKNDRICTNCCAGTKGCKYFSDDGTFVCEGESDPRNPKACPRNCDERIAYGICPRTEEKKNNQICTNCCAGTKGCNYFSANGTFICEGESEYVSKVDEYVHEVENDLQKSRVAVS,37614.27384,5.8,2.1,-19.0,-33.6
Q84LQ9,YFSDDGTFVCEGESDPRNPKACPRNCDGRIAYEICPRSEEKKNDRICTNCCAGTKGCK,6453.19794,5.99,0.4,-3.4,-6.4
Q6H238,MWNMQMPRLVPLTVIQELPREFARVQKKRKTIKYAPTVAQARRDVTTLVLMELLFVNENLILEIPKLVPEIVIQEIDYRVCPRSEEKNNQICTNCCAGTMGCNYFSADGSFVCKGESDLRNPKDCPRNCDPRIDYRVCRRSEEKNNQICTNCCVGTMGCNYFSADGSFVCKGESDLRNPKDCPRNCDPRIDYRVCRRSEEKNNQICTNCCAGTKGYNYFSADGTFVCKGESDPRNPKACPRNCDPRIDYRFCPRSEEKDNQICTNCCAGTKGCNYFSADGTFVCKGESDPRNPKACPRNCDPRIDYRVCPRSEENNNQKCTNCCAGTKGCNYFSANGTFICEGEYDPRNPKACPRNCDPRIDYRVCPRSEENNNQKCTNCCAGTKGCNYFSANGTFICEGESEYVRKVDE,46495.54284,7.167,9.4,-12.1,-28.2
Q1WL39,MAVHRVSFLALLLLFGMSLLVSNVEHADAMACPFNCDPRIAYEVCPRTEEKKNDRICTNCCAGTKGCKYFSDDGTFICEGESDPRNPKACPRNCDGRIAYGICPLSEEKKNDRICTNCCVGTKGCKYFSDDGTFICEGESDPRNPKACPRNCDGRIAYGICPRTEEKKNDRICTNCCAGTKGCKYFSDDGTFICEGESDPRNPKACPRNCDGRIAYGICPRTEEKKNDRICTNCCAGTKGCKYFSDDGTFVCEGESDPRNPKACPRNCDGRIAYGICPRTEEKKNDRICTNCCAGTKGCKYFSDDGTFVCEGESDPRNPKACPRNCDERIAYGICPRTEEKKNNQICTNCCAGTKGCNYFSANGTFICEGESEYVSKVDEYVHEVENDLQKSRVAVS,43846.38504,5.754,2.3,-22.4,-39.8
A0A314KVL0,MATSEVGILTPLFLCVLLLGSTDVEYAEGKICRPKYCDPRVSYMSCPPSGAAPKEFFQFVTCYNCCELEPGCKLFDAAGSVLCTGISQ,9486.06634,4.225,-2.6,-6.8,-10.0
A0A1J6JJ91,MAVHKVSFLAHLLVLGMFLLLVDAKACTKECGNFAYGICPRSQGTPDHPICTTCCAGYKGCNYYNANGTFICEGLSDPKNPNFCPQFCDPDIAYSKCPRSEGETIINPTGCTTCCTGYKGCYYFGQDGEFVCEGESDEPKSCTTECDPRVATISCPISGLVKINQECINCCNADKGCELYDNDGSLICTGGEPQSAA,21087.87844,4.209,-7.3,-20.1,-28.5
A2XLR0,MASIKLALPMALLLCGLMVIGSIQSAEAQGGKFCPQFCYDGLEYMTCPSTGSQHLKPACNCCIAGEKGCVLYLNNGQVINCT,8637.23794,6.196,0.8,-3.8,-7.0
A0A1J3ILC6,MYEPGEMKMIIPLESMATYKIWVMSLIIIGAVLVGGVIPGVTTTKTAIACPLYCLQVEYMTCLSSGDDKLPPRCNCCLAPKNCTLHLSDSTSIHCNK,10541.61734,6.439,1.5,-3.4,-6.4
A0A1J3HRR4,GERKMIIPLESMATYKIWVMSLIIIGAVLVGGVIPGVTTTKTAIACPLYCLQVEYMTCLSSGDDKLPPRCNCCLAPKNCTLHLSDSTSIHCNK,10046.01144,7.28,3.4,-1.4,-4.4
A0A2G3C7G8,MAFCKVGILSLLLLSGIFLLGIEVEFGNAQKMCIQVCDPEVASMTCPSSGDEKINDVCVNCCTAAVGCKLFRSDGSLICIGTPE,8822.43784,4.015,-3.6,-7.8,-11.0
A0A1J3G2U3,KMIIPLESMATYKIWVMSLIIIGAVLVGGVIPGVTTTKTAIACPLYCLQVEYMTCLSSGDDKLPPRCNCCLAPKNCTLHLSDSTSIHCNK,9703.65654,7.263,3.3,-1.4,-4.4
A0A2Z7C1T8,MFLLGMNESVVRVMACPLYCLDVEYMTCNGTKVTPGRCNCCLAPKGCILHLSDGTSVNCG,6433.65724,6.222,0.7,-3.3,-6.1
A0A2G3CKE7,MAFYKVGILSLLLLSGIFLLGIQVEYTSAKSCLQFCDNEVAYMTCPSSRDEQISPVCVNCCTANEGCKLFRKNGSLICTGTQD,9055.54754,4.714,-0.7,-4.4,-7.3
A0A2N9F3Z0,MNPEEMSAKACPLYCLDVEYMTCQSSGEKKLNPKCNCCLAPKNCTLHLVDGNSLELVPPLQGLQLATSLPPVGLLGGGVAAEMAEELEVLCRRLHLSDREKLHTRLRQDPVAQSHLEAKHSLLFKLLSTRPFNGMALLHYVRSLWASPNGMTIREIEDNLFMAVFQVEADLERIIVQSPWTFDKKLIHIVRLVGDIQPREVKFQYSAFWIHILNLPIKSMIREVGEDIGNGIGRFIEADVPEDGIGWGRYLRIRVDIDISLPLFRGKILEGVDGSPFWVDFQYEHLPTFCYQCGLLGHGGSEFIVGRGLSDKMVDGASDLYGSWLRAPPHQKTVSSRNRVSNTASAPLRRPHVAPARGNSRSSDSVPVGVFSFTARAKVVNNPVSQEPDSPKSMPGVQGGDNARSPRLDANGFKPVGFQVDDTMVGESQLFHAKTKGFGTSACGESFVKKTVGSDDVGESSTNISHAPVAMPPVSTPGGTPPVEVKGKSTSPHLGTWKKRARAQAGTGVSTPTRVTRTGKRPLQAGESDLHGLGIGSRSHKKHIKGGKADSVLVVDPETVEATEQPRRHGFGGGLALLWDGSVSLHVKSYSNFHIDVEVLNNDGLRWRMTGFYGHPEVGLRPNTWALLRQLGGLSSSPWMVLGDFNEIMSLDEQAGRGDKSLTQMGAFRNAVADCALQDLGFHGPDFTWSNKRRGAALVRVRLDRALANSDWLQLFPTAFVSHVVVVNSDHMGVMVDFQPAQCNPCPRRRKLFRFDHTWIREDGCEEVIREAWCAHTSGIHMFRLSNKIKQCRMHLLQWSKSQVRLNPHLIASKRTQLLELENQPEEYYDGGAVNALRRELSRLMGKEEVFWRQRSRVLWLKGGDRNTSFFHESASQRKKVNTIVGLRDLNDVWQTDLGSVERIAVAYFNNLFTSYIPSAVGGVVQYVDSVVTPDTNADLMRPFTHDEVKIALFQMHHSKAPGPDGWANVQMAAKLDMSKAYDRVEWEYLKAILLKLGFHERWVQLVMTCVTSATYSIMINALLRKAEKDSLIKGISICRGGPRISHLFFADDSIIFCKATVSECSALQDILYLYERASGQMINTGKTALFFSHNTPPNTRSAITNLFGTSVTTQFEKYLGLPPVIGRSKKGAFNDIKDRVHRRLQGWKEKLLSQAGRKVLIKAVIQAIPTYAMSCFKFPASLCEELSSMATGFWWGRKNGERKIHWLSRKKFLTSKKEGGMGFRDLQLFNDALLARQGYGGINGCLVQSLTVVTSPPTILSESATVDQLIHSDSMTWNKELISQIFCTRDAEMILSIPLSRRCPRDSLIWHGTRNGSFSVKSAYHVLFSLSNRQEPSSSSGSRDMSRFWASVWSAQVPPKVRLFIWKACKGILPTRVRLFARKITSSSVCPWCLEEAETVIMFCGGAICQKVWMAVSFSGLSRFSDEMGFLDVVGGVVTDFPSPAVEVFLTTAWAIWNARNATIWENKTPIVDEICQGAAALAIAFLEEGANDSEGAQALYSADVVGVGILIRDSMGLVVAVLETTVVGSGDMTQVQATAIGTALQFAFDIGLRNLVVEMGCQELLSLIQRGTPCGAPCGVLVDDICWWIPSFYVLSFSFIPKLCNKAAIALAAEALSSGSVQVWLDDQPDCVTSFVLADLA,181669.52924,7.892,48.9,0.4,-17.3
Q4Z8K2,MAVPKEVSFLAFLLVLEILLLHVDAKACSEENAENRICTNCCAGRKGCNYYSADGTFICEGESDPNNPKACPRYCDTRIAYSKCPRSEGNAENRLCTNCCAGRKGCNYYSADGTFICEGESDPNNPKACPRNCDTRIAYSKCPRSEGNAENRLCTNCCAGRKGCNYYSADGTFICEGESDPNNPKACPRNCDPNIAYSLCLYEK,22348.06164,5.18,-0.2,-12.5,-21.4
A0A097J9C0,PKEVSFLAFLLVLEILLLHVDAKACSEENAENHICTNCCAGRKGCNYYSADGTFICEGESDPNNPKACPRYCDTRIAYSKCPRSEGNAENRLCTNCCAGRKGCNYYSADGTFICEGESDPNNPKACPRNCDTRIAYSKCPRSEGNAENRLCTNCCAGRKGCNYYSADGTFICEGESDPNNPKACPRNRDPNIAYSLCLYEK,22080.65994,5.442,0.4,-12.1,-20.6
T1PZB6,MAVPKEVSFLAFVLVPGILLLHVDAKACSEENAENRICTNCCAGRKGCNYYSADGTFICEGESDPNNPKPCTLNCDPRIFYSKCPRSEGNAENRICTNCCAGRKGCYCYSDDGTFICEGESDPNNPKPCPRNCDTRIAYSICPRSEGNAENRICTNCCAGRKGCNYYSADGTFICEGESDPNNPKACPRNCDPNIAYSLCLYEK,22300.03194,4.752,-2.3,-14.9,-24.0
A0A059Q2U6,MGSIPGLEAKDKDGKVCIEICLEANYMTCPSTGNAELNPACNCYLANEDGCTIYLKDGTVEKCPRT,7077.07834,4.097,-3.5,-7.0,-9.6
J7EQ13,MDVHKEVNFVAYLLIVLGLLVLVSAMEHVDAKACTLECGNLGFGICPRSEGSPENRICTNCCAGYKGCNYYSANGAFICEGQSDPKKPKACPLNCDPHIAYSKCPRSEGKSLIYPTGCTTCCTGYKGCYYFGKNGKFVCEGESDEPKANMYPAM,16660.19714,6.363,2.5,-6.8,-12.8
T1PZ91,MAVPKEVSFLAFLLVLEILLLHVDAKACSEENAENRICTNCCAGRKGCNYYSADGTFICEGESDPNNPKACPRYCDTRIAYSKCPRSEGNAENRICTNCCAGRKGCNYYSADGTFICEGESDPNNPKACPRNCDTRIAYSKCPRSEGNAENRLCTNCCAGRKGCNYYSADGTFICEGESDPNNPKACPRNCDPNIAYSLCLYEK,22348.06164,5.18,-0.2,-12.5,-21.4
A7TUH6,MAVHRVSFLALLLLFGMSLLVSNVEHADAKACPRNCDGRIAYEICPR,5202.17774,7.556,2.3,-0.2,-1.4
A0A218XK76,MGGRKAYLGVLLLLVCALLGDNNGGLVTSAKACPQYCLDVEYMTCPSTGEQQLSPKCNCCLAPKGCILHLSDGTSVTCS,8199.62014,6.198,0.7,-3.8,-7.0
Q84LJ9,MAVHRVSFLALLLLFGMSMLVSNVEHADAKACPRNCDGRIAYEICPRSEEKKNDRICTNCCAGTKGCKYFSDDGTFICEGESDPRNPKACPRNCDGRIAYGICPRSEEKKNDRICTNCCAGTKGCKYFSDDGTFICEGESDPRNPKACPRNCDGRIAYEICPRSEEKKNDRICTNCCTGTKGCKYFSDDGTFVCEGESDPRNPKACPRNCDGRIAYEICPRSEEKKNDRICTNCCAGTKGCKYFSDDGTFICEGESDPRNPKACPRNCDGRIAYEICPRSEEKKNDRICTNCCAGTKGCKYFSDDGTFICEGESDPRNPKACPRNCDGRIAYEICPRTEEKKNDRICTNCCAGTKGCKYFSDDGTFVCEGESDPRNPKACPRNCDERIAYGICPRTEEKKNNQICTNCCAGTKGCNYFSANGTFICEGESEYVSKVDEYVHEVENDLQKSRVAVS,50512.69284,5.823,3.0,-25.8,-46.2
Q6AVT6,MASIKLALPMALLLCGLMVIGSIQSAEAQGGKFCPQFCYDGLEYMTCPSTGSQHLKPACNCCIAGEKGCVLYLNNGQVINCT,8637.23794,6.196,0.8,-3.8,-7.0
A3AMF1,MASIKLALPMALLLCGLMVIGSIQSAEAQGGKFCPQFCYDGLEYMTCPSTGSQHLKPACNCCIAGEKGCVLYLNNGQVINCT,8637.23794,6.196,0.8,-3.8,-7.0
A0A6J0KC08,MESMATFKIWLMSLMITGAILAGVVPGVTITKTVNACPLYCLQVEYMTCASSGDEKLPPRCNCCLAPKNCTLHLSGSTSIHCTK,8999.75154,7.266,3.3,-1.4,-4.4
R7WBW6,MATCRFHIACAPLLVCVMLLGKNQEGMEAVACHQYCLEVDYITCPSSGSEKLPARCNCCMAGKGCTLHLSGGINQTCN,8313.80154,6.424,2.0,-4.6,-8.4
Q1WL29,MAVHRVSFLALLLLFGMSLLVSIVEHADAKACPRNCDGRIAYGICPRSEEKKNERICTNCCAGMKGCNYFSADGTFVCEGESDPRNPKACPRNCDGRIAYGICPRSEEKKNDRICTNCCAGTKGCSYFSADGTFVCKGESDPRNPKACPRNCDPRIAYGACPLSEEKKDNQICTNCCAGTKGCSYFSADGTFVCKGEFDPRNPKACPRNCDPRIAYGACPLSEEKKDNQICTNCCAGTKGCSYFSADGTFVCKGESDPRNPKACPRNCDPRIAFGICPLSEEKDNQICTNCCAGTKGCSYFSADGTFVCKGESDPRNPKACPRNCDPRIAYGACPLSEEKKNNQICTNCCAGMKGCNYFSANGTFICEGESEYVNKVENDLQKSMVAVF,42139.84734,6.901,8.0,-15.4,-32.8
A0A3L6S7X6,MATIKLALPVALLLCGLMVIGCSVQSAEAKPGRMCAMYCLDAKYMTCPPKDTEQLPPACNCCVAEKRGCTIYLSNGGVEKCP,8688.49034,7.101,2.3,-2.3,-5.9
A0A3L6SSN4,MAPLKASLQLLAPPPPTSKSWLRPWAGGHGGRHRLPQYCLEMDYVTCPSSGAEKLPARCNCCLTPKGCTLHLSSLGELEFFLWGAPVESVEPQNVASPARAPAPPPEEPSQTGPNSDHLYLPPQFWLMAEG,14170.25754,5.994,1.0,-4.5,-6.8
Q1WL37,MAVHRVSFLAFLLLFGMSLLVNNVEHADAKACPFNCDPRIAYGVCPRSEEKKNNQICTNCCAGTKGCNYFSADGTFVCKGESDPRNPKACPRNCDPRIDYRVCPRSEEKDNQICTNCCAGTKGCNYFSANGTFICEGESEYVSKVDE,16209.33834,5.845,1.0,-7.8,-13.6
A0A3L6SGP2,MAASRVHITCALLLIGLVLLGQGQEGMEGAVACPQYCLEVDYLTCPSSGAEKLSARCNSCLTPKGCTLHLSDGTHQAC,8110.42754,5.578,0.0,-5.3,-8.1
A0A059BUH3,MARSNACCLALLLLCGAILLGMNPGTMVMSAVACPLVCLDVDYMTCPSTGDEHLSPQCNCCLAPKGCTLHLTDGTSVSCS,8211.75594,4.31,-1.8,-7.5,-11.2
Q32YL3,MAVHKEVSSLAYLLVLGLMFLHVSAVKHVDAKPCTRECGNLGYGICPRSEGSPENPICTNCCSGYKGCNYYSANGTFICEG,8680.00404,6.493,2.1,-3.3,-6.3
A0A6N2ANT3,MAFNKVAMLILFAIFAGTILLLSEVDAANACPRNCNPSIRYGRCPKSGNKKFKVGCTNCCSGTEGCNYFSANGTFICEGQTKKTIVEDPIDETNKVCPFNCNPRIAYSICPGNKRSEGRICTNCCAGRKGCNYFSADGTFVCEGESKVESS,16278.65564,7.427,5.6,-1.8,-7.7
A0A6N2ANB8,MAVYKVSFLGHLLVLGMYLLVSTVEHANACTKECGYLGYGICPGSEGSPENPICTNCCSGYKGCNYYNANGTFICEGTSDPKNPNICPSYCDPQIAYSKCPRSEGKTIIYPTGCTTCCTGYKGCYYFGQDGEFVCEGESIEPKGCTKECDPRVAYMTCPSSGLAKLNQVCVNCCTAGEGCKLYDNDGSLICTGEPQSISTA,21419.30284,4.47,-3.9,-16.1,-24.6
A0A6N2B7H2,MAIHKVALLLLLGIILLVSNVEHTNAKACTKQCDPRIAFGICPHLQTKRINQICTNCCAGKKGCNYFSVDGTFICEGESEYVSEVDDNLEKHCPRNCDPRIAYAICPRSEISNKIDLSGICTNCCAGKKGCYYFSVDGTFICEGESDYVSKIKNDVGKACPFNCDPRIAYGICPHSKISNKIDLNGICTNCCAGKKGCNYFSANGTFICEGESEYVSEGENNLQKSKIFIS,25242.95804,6.422,4.0,-10.2,-19.3
A0A1S4A0N1,MAVHRVSFLALVLLFGMSLLVSNVEHADAKACPFNCDPRIAYGVCPRLEEDKNNQICTNCCAGTKGCNYFSADGTFICKGQSDPRNPKACPRNCDPRIAYGVCPRLEEKKDNQICTNCCAGTKGCNYFSADGTFVCKGQSDPRNPKACPRNCDPRIAYGVCPRSEEKKDNQICTNCCAGTKGCNYFSADGTFVCKGQSDPRNPKACPRNCDPRIDYGVCPRSEEKDNQICTNCCAGTKGCNYFSADGTFVCKGQSDPRNPKACPRNCDPRIAYRVCPRSEEKEDNQICTNCCAGTKGCNYFSANGTFVCKGQSDPRNPKACPRNCDPRIAYGVCPRSEEEKNNQICTNCCGGTKGCNYFSANGTFICEGESEYVSKVDEYVREVENDLQKSKVAVS,43322.84074,7.109,10.9,-12.3,-29.7
A0A1S3YL26,MAFYKASILSLLLLSGIFLLGIGEVKYVNAKSCLQFCDNEVAYMTCPSSGDEQISPVCVNCCTADEGCKLFRTDGSLICTGTQD,9015.43344,3.96,-3.7,-7.4,-10.3
Q9LW92,CDPDVAYMVCPSTRQKITKPCVNCCSPKKGCKLFRSNGSVKCTGT,4855.75084,8.383,6.0,3.0,0.3
A0A6N2AEF6,MVMAINRVICLALLLLSGTFLLGSKVESADGKACTRNCDPDVAYMVCPSSGHRIIKQVCVNCCSARKGCKLFRNNGSVKCIGN,8867.58954,8.302,7.6,3.2,-0.2
A0A6N2AQH0,MAVHKDNVSFFASLLVLGLMFLHVSAEIDQGRDIINPKPCTRECGNFSYAICPRSEGSPRTPICTTCCAGYKGCKYYNANGTFICEGQSDPRKPNEHCSKECDRKIAYSKCPRSEGPTKIKPTGCTSCCTGYKGCYYYGKNNKFVCEGQSNEPKVCTQQCDPKVAYMTCPPESTKLTRVCVNCCTAKPGCKLYGHDGSLICIGSVKPH,22784.25014,7.594,13.6,-0.2,-9.3
Q1WL43,MAVHRVSFLALLLLLGMSLLVSNVEHADAKACPLNCDPRIAYGVCPRSEEKKNDRICTNCCAGTKGCKYFSDDGTFVCEGESDPRNPKACPRNCDPRIAYGICPLSEEKKNDRICTNCCAGTKGCKYFSDDETFVCEGESDPRNPEACPRNCDPRIAYGICPLSEEKKNDRICTNCCAGKKGCKYFSNDGTFVCEGESDPRNPKACTLNCDPRIAYGICPLSEEKKNDRICTNCCAGKKGCKYFSDDGTFVCEGESDPRNPKACTLNCDPRIAYGICPLSEEKKNDRICTNCCAGKKGCKYFSDDGTFVCEGESDPRNPKACPRNCDGRIAYGICPLSEEKKNDRICTNCCAGKKGCKYFSDDGTFICEGESEYASKVDEYVREVENDLQKSKVAVS,43632.38554,5.418,0.8,-23.5,-41.3
A0A1S3X5H6,MASSKFGVFTLLFLCVFLLGRNYVESKETKYCTQDCLPNVWYMTCPSSGNKKLYPLCINCCRTPKGCKLFGPNDYLILYWPNVIDHFENYQMGYYFTSIISWL,12060.13954,7.42,3.8,-0.4,-3.5
A0A1S4CNR9,MAVHRVSFLALLLFGMSLLVSNVEYADAKACPRNCDGRIAYGICPRSEEKKDNQICTNCCAGTKGCNYFSADGTFVCEGESDPRNPKACPRNCDGRIAYGVCPRSEEKKDNQICTNCCAGTKGCNYFSADGTFVCEGESDPRNPKACPRNCDGRIAYGVCPRSEEKKDNQICTNCCAGTKGCNYFSADGTFVCEGESDPRNSKACPRNCDGRIAYGVCRSSEEKKNNQICTNCCAGTKGCNYFSADGTFVCKGKFDPRNPRPCPRNCDPRITYGVCPRSEEKKNNQICTNCCAGIKGCNYFSVDGTFVCEGESDPRNSKACPRNCDPRITYGVCPRSEEKKNNQICTNCCAGMKGCNYFSVNGTFICEGESEYANKVENDLQKSKVAVF,42474.79694,7.041,9.5,-13.3,-30.7
A0A1S4DR24,MGLLLYQDNFMAIHRVAFLAILLLSGAILLGNKVKCADGKACTRNCDPDVAYMVCPSTRQKITKPCVNCCSAKKGCKLFRSNGSVKCTGT,9689.60434,8.711,9.6,5.1,1.6
Q7M1P5,DRICTNCCAGTKGCKYFSDDGTFVCEGESDPRNPKACPRNCDPRIAYGICPLS,5749.48804,5.65,0.2,-3.4,-6.2
A0A6N2B9W0,MAIHKVALLLLFGMILLASDFEHANAKACTKECDGRISYGLCPVSQTKRVDGICINCCSGIIGCKYFSKDYTFICNGESKWFGEKACTRECDPRIDIGICASDLTEKVDALCTNCCAGKKGCNYFDENGTFICEGESEGENTLQKSNLAIS,16428.86134,4.808,-1.9,-10.8,-16.8
Q9SQ77,MAAHRVSFLALLLLFGMSLLVSNVEHADAKACTLNCDPRIAYGVCPRSEEKKNDRICTNCCAGTKGCKYFSDDGTFVCEGESDPRNPKACTLNCDPRIAYGVCPRSEEKKNDRICTNCCAGTKGCKYFSDDGTFVCEGESDPKNPKACPRNCDPRIAYGICPLSEEKKNDRICTNCCAGKKGCKYFSDDGTFVCEGESDPRNPKACPRNCDGRIAYGICPLSEEKKNDRICTNCCAGKKGCKYFSDDGTFICEGESEYASKVDEYVGEVENDLQKSKVAVS,30736.75954,5.599,1.0,-15.7,-27.7
A0A6N2BD76,MAFYKVGILSLLLLSGIFLLGIQVEFTNAKSCLQYCDDEVAYMTCPSSGDEQISQVCVNCCTADEGCKLFKTDGSLICTGTKD,8962.36694,3.845,-4.6,-8.4,-11.4
A0A1S4CPA1,MAVHRVSFLALLLFGMSLLVSNVEYADAKACPRNCDGRIAYGICPRSEEKKDNQICTNCCAGTKGCNYFSADGTFVCEGESDPRNPKACPRNCDGRIAYGVCPRSEEKKDNQICTNCCAGTKGCNYFSADGTFVCEGESDPRNPKACPRNCDGRIAYGVCPRSEEKKDNQICTNCCAGTKGCNYFSADGTFVCEGESDPRNSKACPRNCDGRIAYGVCRSSEEKKNNQICTNCCAGTKGCNYFSADGTFVCKGKFDPRNPRPCPRNCDPRITYGVCPRSEEKKNNQICTNCCAGIKGCNYFSVDGTFVCEGESDPRNSKACPRNCDPRITYGVCPRSEEKKNNQICTNCCAGIKGCNYFSVDGTFVCEGESDPRNSKACPRNCDPRYALIVAQA,42920.29654,7.083,10.4,-13.1,-31.0
Q1WL38,MAVHRVSFLAFLLLFGTSLLVSNVEHADAKACPFNCDPRIAYGVCPRSEEKKNNQICTNCCAGTKGCNYFSADGTFVCKGESDPRNPKACPRNCDPRIDYRVCPRSEEKDNQMCTNCCAGTKGCNYFSADGTFVCKGESDPRNPKACPRNCDPRIDYRVCPRSEEKDNQICTNCCAGTKGCNYFSVDGTFVCKGESDPRNPKACPRNCDPRIDYRVCPRSEEKDNQICTNCCAGTKGCNYFSANGTFVCKGESDPRNPKACPRNCDPRIDYRVCPRSEEKDNQICTNCCAGTKGCNYFSADGTFVCKGESDPRNPKGCPRNCDPRIDYRVCPRSEEKNNQICTNCCAGTKGCNYFSADGTFVCKGESDPRNPKACPRNCDPRIDYRVCWHSEEKNNQICTNCCAGTKGCNYFSANGTFICEGESEYVSKVDE,47836.63154,6.927,9.8,-17.6,-37.7
A0A0E0GTG1,MASIKLALPMALLLCGLMVIGSIQSAEAQGGKFCPQFCYDGLEYMTCPSTGSQHLKPACNCCIAGEKGCVLYLNNGQVINCT,8637.23794,6.196,0.8,-3.8,-7.0
A0A1S4BIG0,MAVHKAGFLSLLLLFGIFLLLSELEYADAKACTRNCNPRIRYGRCPKSGNKKFSLGCTNCCAGSLGCNYYSANGTFICEGESEIKVETIETEVETMVEPNKICPRNCDPKIRYGRCPKSGNKKFNVGCTNCCAARKGCNYFSANGTFVCEGETETKVEIIETKVEMRK,18564.47274,7.672,7.7,-0.9,-7.1
Q40378,MAVHRVSFLALLLLFGMSLLVSNVEHADAKACTLNCDPRIAYGVCPRSEEKKNDRICTNCCAGTKGCKYFSDDGTFVCEGESDPRNPKACTLNCDPRIAYGVCPRSEEKKNDRICTNCCAGTKGCKYFSDDGTFVCEGESDPRNPKACPRNCDPRIAYGICPLAEEKKNDRICTNCCAGKKGCKYFSDDGTFVCEGESDPKNPKACPRNCDGRIAYGICPLSEEKKNDRICTNCCAGKKGCKYFSDDGTFVCEGESDPKNPKACPRNCDGRIAYGICPLSEEKKNDRICTNCCAGKKGCKYFSDDGTFVCEGESDPRNPKACPRNCDGRIAYGICPLSEEKKNDRICTNCCAGKKGCKYFSDDGTFICEGESEYASKVDEYVGEVENDLQKSKVAVS,43415.12054,6.205,3.7,-20.6,-38.6
Q3SBE6,MAVHKVSFLALLLLLGMSLLVSNVEHADAKACPLNCDPRIAYGVCPRSEEKKNDRICTNCCAGTKGCKYFSDDGTFVCEGESDPRNPKACPRNCDPRIAYGICPLSEEKKNDRICTNCCAGKKGCKYFSDDGTFVCEGESDPRNPKACTLNCDPRIAYGICPLSEEKKNDRICTNCCAGKKGCKYFSDDGTFVCEGESDPRNPKACPRNCDGRIAYGICPLSEEKKNDRICTNCCAGKKGCKYFSDDGTFICEGESEYASKVDEYVREVENDLQKSKVAVS,30824.01104,5.949,2.0,-14.7,-26.8
A0A1S4CNP7,MAVHRVSFLALLLFGMSLLVSNVEYADAKACPRNCDGRIAYGICPRSEEKKDNQICTNCCAGTKGCNYFSADGTFVCEGESDPRNPKACPRNCDGRIAYGVCPRSEEKKDNQICTNCCAGTKGCNYFSADGTFVCEGESDPRNPKACPRNCDGRIAYGVCPRSEEKKDNQICTNCCAGTKGCNYFSADGTFVCEGESDPRNSKACPRNCDGRIAYGVCRSSEEKKNNQICTNCCAGTKGCNYFSADGTFVCKGKFDPRNPRPCPRNCDPRITYGVCPRSEEKKNNQICTNCCAGIKGCNYFSVDGTFVCEGESDPRNSKACPRNCDPRYALIVAQA,36558.16524,7.103,9.1,-10.8,-25.8
A0A1S3Z2Q3,MAVHKVGFLSLLLLFGTFLLLSEVDYADAKACTRNCNPRIRYGRCPKSGNKKFNVGCTNCCAGSLGCNYYSANGTFVCEGESETKVETIETDVETIETEVETMVESNKVCPRNCDPKIRYGRCPKSGNKKFNVGCTNCCAAKKGCNYFSANGTFVCEGETETKVETIETEVETMVELNKVCPFNCDGRISYSVCGNKKSSGRICTNCCAARKGCNYFSADGTFVCKGESVVESMIEAVKPCRRNCDGRISYSVCGNKKSSGRICTNCCAGKKGCNYFSADGTFVCEGESGVESI,31843.25074,7.085,7.4,-8.7,-20.6
A0A1S3YZT7,MAVHRVSFLALLLLFGMSLLVSNVEHAHAKACPFNCDPRIAYGVCPRLKEKKNNQICTNCCAGTKGCNYFSTDGTFICKGESDPRNPKACPRNCDPRIAYGLCPLSKEKDNRICINCCAGTKGCNYFSADGTFVCKGESDPRNPKVCPLNCDPRIAYGLCPLSEEKKDNQICTNCCAGTKGCNYFSANGTFVCKGESDPRNPKACPRNCDPRIAYGLCPLSEEKKDNRICTNCCAGKKGCNYFSADGTFVCKGESDPRNPKVCPLNCDPRIAYGLCPLSEEKKDNQICTNCCAGTKGCNYFSADGTFVCKGESDPRNPKACPRNCDPRIAYGVCPRSEEKKNNQICTNCCAGMKGCNYFSANGTFICEGESEYVSKVDEYVREVENDLQKSKVAVS,43227.36114,7.273,14.5,-9.4,-27.2
A0A1S3XF39,MAIHKVGFLALLLLFGTLVLGSKMATAAEEEKSCPRDCISDAAYMVCPTRHRQHKLIESYCDNCCTLPENCKLFKENGDLICTGTDY,9661.26314,5.665,0.2,-5.4,-8.4
B3F0C1,MAVHKVSFLALVLLFGMSLLVSNVEHADAKACPFNCDPRIAYGVCPRLEEDKNNQICTNCCAGTKGCNYFSADGTFICKGQSDPRNPKACPRNCDPRIAYGVCPRLEEKKDNQICTNCCAGTKGCNYFSADGTFVCKGQSDPRNPKACPRNCDPRIAYGVCPRSEEKKDNQICTNCCAGTKGCNYFSADGTFFCKGQSDPRNPKACPPNCDSRIDYGVCPRSEEKDNQICTNCCAGTKGCNYFSADGTFVCKGQSDPRNPKACPRNCDPRIAYRVCPRSEEKEDNQICTNCCAGTKGCNYFSANGTFVCKGQSDPRNPKACPRNCDPRIAYGVCPRSEEEKNNQICTNCCGGTKGCNYFSANGTFICEGESEYVSKVDEYVREVENDLQKSKVAVS,43273.76204,7.044,9.9,-13.4,-30.8
A0A1S3Y6L6,MAIHRVAFLALLLLSGAVLLGSKVEGADGKACTRNCDPDVAYMVCPSTGQRITKPCVNCCSARKGCKLFRSNGSVKCTGT,8364.89924,8.474,7.7,3.6,0.6
M5XRU0,MTTRYFAYLQPSKIHQKGSILLGINPSTAKICPQYCTDQAGYMTCPSSGNTQLSPSCNCCLAPAGCTLYRADGTSICTGT,8476.71424,7.428,3.6,-0.4,-3.2
A0A4U6SRV0,MVIGCSIQSAEAKPGRVCAMYCLNGTYMTCPPKDPEKLPPACNCCLAKKRGCTIYLSDGGAVSGEMPMESLIMKSKSKNEIDSCCLARTA,9572.33534,7.365,3.4,-1.3,-5.1
A0A6P4CKN6,MRHRIIYSPSSPSTSMYATKKMAFNNARVILLVLLVVYGATFLGGEMKGVDAKICPQICYGASYMTCPSSGDRRLSPKCNCCVASTGCTLYNGDGTTICTAP,10901.76754,8.0,6.7,2.6,-0.4
Q9SDW7,VHRASFRALLLLFGISLLVSTVEHADAKACPRNCDRRIAYGICPRSEEKNNDRICTNCCAGMKGCNYFSADGTFVCEGESGPKNPKACPRNCDGRIAYGVCPRKEEKKNNWICTNCCAGTKGCNYFSADGTFVCEGESDPRNPKACPRNCDPRISDEICPRSEEKNNNQICTNCCAGTKGCNYFSADGTFVCEGEYDPKNPKACPRNCDPRISYGVCPRSEEKNNNQICTNCCAGTKGCNYFSADGTFVCEGEYDPKNPKACPRNCDGRIDYGVCPRSEEKKNNQICTNCCAGTKGCNYFSADGTFVCEGESDPRNPKACPLNCDGRIAYEICPRTEEKKTNQICTNCCAGTKGCNYFNANGTFICEGESEYVNKVENDLEKSKVLFSKS,42784.98034,6.56,5.5,-18.3,-35.8
T1PZ72,MAVPKEVSFLAFLLVLEILLLHVDAKACSEENAENRICTNCCAGRKGCNYYSADGTFICEGESDPNNPKPCTLNCDPRIFYSKCPRSEGNAENRICTNCCAGRKGCYYYSDDGTFICEGESDPNNPKPCPRNCDTRIAYSICPRSEGNAENRICTNCCAGRKGCNYYSADGTFICEGESDPNNPKACPRNCDPNIAYSLCLYEK,22462.20224,4.642,-3.2,-15.5,-24.3
Q4Z8K3,MAVPKEVSFLAFLLVLEILLLHVDAKACSEENAENRICTNCCAGRKGCNYYSADGTFICEGESDPNNPKACPRYCDTRIAYSKCPRSEGNAENRICTNCCAGRKGCNYYSADGTFICEGESDPNNPKACPRYCDTRIAYSKCPRSEGNAENRLCTNCCAGRKGCNYYSADGTFICEGESDPNNPKACPRNCDPNIAYSLCLYEK,22397.13384,5.178,-0.2,-12.5,-21.4
T1PZ68,MAVPKEVSFLAFVLVLGILLXHVDAKACSEENAENRICTNCCAGRKGCNYYSADGTFICEGESDPNNPKPCTLNCDPRIFYSKCPRSEGNAENRICTNCCAGRKGCYYYSDDGTFICEGESDPNNPKPCPRNCDTRIAYSICPRSEGNAENRICTNCCAGRKGCNYYSADGTFICEGESDPNNPKACPRNCDPNIAYSLCLYEK,22381.83844,4.752,-2.3,-14.5,-23.3
A0A2G3A0S4,MAVPKEVCFLASLLVLGILLLHVDAKACSQRNAKEPICTNCCAGRKGCNYYSADGTFICEGESDPNNPKPCTLNCDPRIFYSKCPRSEGNAENRICTNCCAGRKGCNYYSADGTFICEGESDPNNPKPCTLNCDPRIFYSKCPRSEGNAENRICTNCCAGRKGCNYYSADGTFICEGESDPNNPKPCTLNCDPRIFYSKCPRSEGNAENRICTNCCAGRKGCNYYSADGTFICEGESDPNNPKPCPRNCDTRIAYSKCPRSEGNAENRICINCCAGRKGCNYYSADGTFICEGESDPNNPKPCTLNCDPRIFYSKCPRSEASAEQPICTNCCAGLKGCNYYNADGTFICEGESDPNHPKACPKNCDPNIAYSLCLYEK,41283.34354,5.788,2.0,-22.0,-39.7
T1PZ73,MAVPKEVSFLAFLLVLEILLLHVDAKACSEENAENRICTNCCAGRKGCNYYSADGTFICEGESDPNNPKACPRYCDTRIAYSKCPRSEGNAENRICTNCCAGRKGCNYYSADGTFICEGESDPNNPKACPRNCDTRIAYSKCPRSEGNAENRLCTNCCAGRKGCNYYSADGTFICEGESDPNNPKACPRNCDPNIAYSPCLYEK,22332.01894,5.18,-0.2,-12.5,-21.4
T1PZA9,MAVPKEVSFLAFLLVLEILLLHVDAKACSEENAENRICTNCCAGRKGCNYYSADGTFICEGESDPNNPKACPRYCDTRIAYSKCPRSEGNAENRICTNCCAGRKGCNYYSADGTFICEGESDPNNPKACPRNCDPNIAYSLCLYEK,16040.10584,4.815,-1.5,-10.2,-16.2
A0A097J9D8,MAVPKEVSFLGYLLVLGIFLHHVDGKACTRECGNLGYGICPRSEGSAEEPICTNCCAGYKGCKYYSADGTFICEGESDPKNPKGCPRNCDPRIAYSRCPRSQGETLIYPTGCTTCCTGYKGCYYFGKDGKFLCEGESTEPKACTLECDPRVAYMTCPSTGLAKIKDVCVNCCTAGEGCKLYGHNGSLLCTGESQSISTA,21267.28054,5.938,1.7,-11.1,-19.8
A0A097J9C5,LLVLEILLLHVDAKACSEENAENRICTNCCAGRKGCNYYSADGTFICEGESDPNNPKACPRYCDTRIAYSKCPRSEGNAENRLCTNCCAGRKGCNYYSADGTFICEGESDPNNPKACPRNCDTRIAYSKCPRSEGNAENRLCTNCCAGRKGCNYYSADGTFICEGESDPNNPKACPRNCDPNIAYSLCLYEK,21027.44914,5.161,-0.3,-12.5,-21.3
A0A2G3A0X2,MAVPKEVSFPACLLVLGMFVIANAVELGDDIKVCTMECGNFAYGICPRSEGSPICTNCCSGYKGCNYYSANGTFICEGRSDPRKTNICTQHCDPRVAYSKCPRSGGNTIIKHTECTTCCTGYKGCYYFGHDGKFVCEGQSSEPRACTLECDPKVAYMTCPSSGSTKLTRICVNCCTARVQGCKLYGPDEFLLCTGDPRNY,21690.89624,6.786,4.5,-8.5,-17.4
A0A1U8FJ97,MAIHRVVFLALLLLSGTVLLGSRVESAAAKACPRNCDTDIAYMVCPSSGERIIRKVCTNCCAAQKGCKLFRSNGSIKCTGT,8594.22164,8.482,7.7,3.6,0.6
T1PZL0,MAVPKEVSFLAFLLVLEILLLHVDAKACSEENAENRICTNCCAGRKGCNYYSADGTFICEGESDPNNPKACPRYCDTRIAYSKCPRSEGNAENRLCTNCCAGRKGCNYYSADGTFICEGESDPNNPKACPRNCDTRIAYSKCPRSEGNAENRLCTNCCAGRRGCNYYSADGTFICEGESDPNNPKACPRNCDPNIAYSLCLYEK,22376.07504,5.18,-0.2,-12.5,-21.3
T1PZE6,MAVPKEVSFLAFLLVLGESDPNNPKACPRYCDTRIAYSKCPRSEGNAENRICTNCCAGRKGCNYYSADGTFICEGESDPNNPKACPRYCDTRIAYSKCPRSEGNAENRICTNCCAGRKGCNYYSADGTFICEGESDPNNPKACPRNCDPNIAYSLCLYEK,17585.73294,6.551,1.8,-7.0,-13.8
A0A328EAU2,MGNNVEQVNAQICTQECNPNAAYMICQPNNKKTKNVCTNCCKIQNTRCHIYTSKDGLIC,6611.60454,7.479,3.7,-0.4,-3.4
A0A097J9D7,VSFLASLLVLEILLLHVDAKACSEENAENRICTNCCAGRKGCNYYSADGTFICEGESGPNNPKACPRYCDTRIAYSKCPRSEGNAENRICTNCCAGRKGCNYYSADGTFICEGESDPNNPKACPRYCDTRIAYSKCPRSEGNAENRLCTNCCAGRKGCNYYSADGTFICEGESDPNNPKACPRNCDPNIAYSLCLYEK,21623.18844,5.547,0.7,-11.5,-20.3
T1PZ89,MAVPKEVSFLAFLLVLEILLLHVDAKACSEENAENRICTNCCAGRKGCNYYSADGTFICEGESDPNNPKACPRNCDTRIAYSKCPRSEGNAENRLCTNCCAGRKGCNYYSADGTFICEGESDPNNPKPCPRNCDTRIAYSICPRSEGNAENRICTNCCAGRKGCNYYSADGTFICEGESDPNNPKACPRNCDPNIAYSLCLYEK,22310.01264,4.939,-1.2,-13.5,-22.3
T1PZF8,MAVPKEVSSLAFVLVLGILFLHVDAKACSEENAENRICTNCCAGRRGCNYYSADGTFICEGESDPNNPKPCTLNCDPRIFYSKCPRSEGNAENRICTSCCAGRKGCYYYSDDGTFICEGESDPNNPKPCPRNCDTRIAYSICPRSEGNAENRICTNCCAGRKGCNYYSADGTFICEGESDPNNPKACPRNCDPNIAYSLCLYEK,22351.01844,4.752,-2.3,-14.5,-23.2
T1PZ90,MAVPKEVSFLAFVLVLGILLLHVDAKACSEENAENRICTNCCAGRKGCNYYSADGTFICEGESDPNNPKPCTLNCDPRIFYSKCPRSEGNAENRICTNCCAGRKGCYYYSDDGTFICEGESDPNNPKPCPRNCDTRIAYSICPRSEGNAENRICTNCCAGRKGCNYYSADGTFICEGESDPNNPNACPRNCDPNIAYSLCLYEK,22362.04154,4.616,-3.3,-15.5,-24.2
A0A251RIY1,MARDKNIGPMVLLLVFGSILLGINPSTAKICPQYCTDQAGYMTCPSSGNTQLSPSCNCCLAPAGCTLYRADGTSICTGT,8181.51814,6.82,1.0,-2.4,-5.1
I7AXR4,VSKVGIFTLLLICGLFFLGSNVNYAEAETKICTKECLNVGYMICPSSGPQKLHPSCTNCCRAQKGCKLYRSDGTLICT,8455.99884,7.583,4.7,0.2,-3.2
A0A328D7B9,MRGTDFVTPPSVTKWAFHGENGVRVNADEIYCSDYCNPIVAYMRCPPNDTRFEDVCKNCCNIKNQPQYKGCHLFQANGTLIC,9310.58384,6.451,1.4,-3.4,-6.3
A0A328DMQ9,MALSNKIGFFIILLVCGMILEGKNGNAETICTLECNTKAVYIRCLPDKKKTKIGSGGCTNCCVSRKRGCQLYDSNDRRLCAPLIAN,9376.14324,8.282,7.2,3.1,-0.4
A0A6A1V0G1,MAKYLGFTVLLLVYGVILLGNYPEKIMSAPPCPFPCFVDVEYVTCPSSGDKKLDPQCSCCLAPKNCTLHLADGTLIQC,8459.07934,5.233,-0.2,-4.4,-7.4
A0A097H1A1,MAVHKEVNFVAYLLIVLGLLVLVSAMEHVDAKACTLECGNLGFGICPRSEGSPENRICTNCCAGYKGCNYYSANGAFICEGESDPKNPNVCPRNCDTNIAYSKCLRSEGKSLIYPTECTTCCTGYKGCYYFGKNGKFVCEGESDEPKANMYPAM,16729.17084,5.329,0.0,-8.8,-14.7
Q4ZIQ5,MAVPKEVSFLASLLVLGILLLHVDAKACSQRNAKEPICTNCCAGRKGCNYYSADGTFICEGESDPNNPKPCTLNCDPRIFYSKCPRSEGNAENRICTNCCAGRKGCNYYSADGTFICEGESDPNNPKPCPRNCDTRIAYSKCPRSEGNAENRICTNCCAGRKGCNYYSADGTFICEGESDPNNPKPCTLNCDPRIFYSKCPRSEASAEQPICTNCCAGLKGCNYYNADGTFICEGESDPNHPKACPKNCDPNIAYSLCLYEK,28521.10184,5.793,1.4,-14.9,-26.7
A0A097H191,MAIHKVALLLVFGIILLASDFEHADAKECDPRIDFGICPYLGTKKVDGICINCCSGYKECKYFSKDYTFICDGESTDWQSGKACSKECDRRIEFGICVTDLTKTVNGLCTTCSAGKKGCKYFNNNGTYICDGEYEWLSEGENDLQKSNVAIS,16829.15464,4.649,-2.9,-11.0,-16.5
M0ZPU5,MAFCKVGILSLLLLSGIFLLGVEVEYGNAQKMCLQVCDNEVAYMTCPSSGDEKITEVCVNCCTADEGCKLYRADGSLICTGTPE,8980.46194,3.851,-5.5,-9.8,-13.0
M7ZEF2,MATSRLHIACALLLAGVVLLGQNQEGMEAVACPQYCLEVDYITCPSSGSQKLPARCNCCMAPKGCTLHLSDGINQTCS,8203.58904,5.739,0.4,-4.7,-7.9
A0A072UHW5,MALKVETILLVLVCGAIFSGGNLKNVDAQKICPQFCYDTVAYMTCPSTGGQHLYPKCNCCLASIGCILYEADGTPICTAV,8468.01874,5.147,-0.3,-4.8,-8.0
Q1WL30,MAVHRVSFLALLLLFGMSLLVSIVEHADAKACPRNCDGRIAYGICPRSEEKKNDRICTNCCAGMKGCNYFSADGTFVCEGESDPRNPKACPRNCDGRIAYGICPRSEEKKNDRICTNCCAGTKGCSYFSADGTFVCKGESDPRNPKACPRNCDPRIAYGACPLSEEKKDNQICTNCCAGTKGCSYFSADGTFVCKGESDPRNPKACPRNCDPRIAYGACPLSEEKKDNQICTNCCAGTKGCSYFSADGTFVCKGESDPRNPKACPRNCDPRIDFGICPLSEEKDNQICTNCCAGTKGCSYFSADGTFVCKGESDPRNPKACPRNCDPRIAYGACPLSEEKKNNQICTNCCAGMKGCNYFSANGTFICEGESEYVNKVENDLQKSMVAVF,42109.73184,6.809,7.0,-16.4,-33.8
A0A075EZT7,MAVHKVSFVAHLLVLGMFLLLVDAKACTKECGNFAYGICPRSQGTPDDPICTTCCAGYKGCNYYSANGTFICEGSSDPKNPNVCPQFCDPDIAYSKCPRSEGETIINPTGCTTCCTGYKGCYYFGQDGEFVCEGESDEPKSCTTECDPRVATISCPFSGLVKINQECINCCNADKGCELYDNDGSLICTGGEPQSAA,20984.66554,4.069,-8.9,-21.1,-29.6
Q84L56,MAVHKEVNFVAYLLIVLGLLVLVSAMEHVDAKACTLECGNLGFGICPRSEGSPENRICTNCCAGYKGCNYYSANGAFICEGESDPKNPNVCPRNCDTNIAYSKCPRSEGKSLIYPTGCTTCCTGYKGCYYFGKNGKFVCEGESDEPKANMYPAM,16641.06454,5.777,0.9,-7.8,-13.7
A0A5S9WTC3,MVPYKIWVMSFIIAGAILGGIIPGVTTTKTAIACPLYCLQVEYMTCPSSGDNKLPPRCNCCLAPKNCTLHLSDSTTIHCSK,8706.39804,7.477,4.2,-0.4,-3.4
I3S093,MALKVGTILLVFVCGAILSGGNLKNVDAQKICPQFCYDSVAYMTCPSSGDQHLTPKCNCCLASTGCILYEADGTPICTAD,8367.76884,4.438,-1.3,-5.8,-9.0
A0A2I0AC47,MGSPKLSLGLMLILCGIILQCEVEEIKGALACPLYCLDVKYMTCTSSGGERLPGRCNCCLAPKGCTLHLTDGTTRFCVRYFP,8878.66144,7.128,2.8,-2.2,-5.8
A0A0E0KIP4,MASIKLALPMALLLCGLMVIGSIQSAEAQGGKICPQFCYDGLEYMTCPSTGSQHLKPACNCCIAGEKGCALYLNNGQVVNCT,8561.14014,6.196,0.8,-3.8,-7.0
A0A4Y1QW28,MGSILLGINPSTAKICPQYCTDQAGYMTCPSSGNTQLSPSCNCCLAPAGCTLYRADGTSICTGT,6513.44474,5.361,-0.0,-3.3,-6.0
A0A3B5Z5G1,MATFRLHISCALLLAGVVLLGTNQGGMEAMACPQYCLEVDYITCPSSGSQKLPARCNCCMAPKGCTLHLPDGINQTCS,8222.69614,6.362,1.3,-3.7,-6.9
A0A067L586,MANSKLLVLPLLILYGIIAASVRAEACPLYCLDVEYMTCESSGEEKLSPRCNCCLAPKNCTLHLSDGTSIFCKPN,8140.62074,5.299,-0.1,-4.4,-7.3
C5WLW2,MATIKACSSRLVPVALLLCGLIVMGSISGLEAKDKDGKVCIETCQEAYYMTCPSTGNAKLNPACNCCLASLKEDGCTIYLKDGTVEKCPRT,9626.37024,6.782,1.4,-3.3,-7.1
A0A2G2V3L7,MAVPKEVSFLASLLVLGILLLHVDAKACSQRNAKEPICTNCCAGRKGCNYYSADGTFICEGESDPNNPKPCTLECDPRIFYSKCPRSEASAENRICTNCCAGRKGCNYYSADGTFICEGESDPNNPKACPRNCDTRIAYSKCPRSEGNAENRICTNCCAGRKGCNYYSADGTFVCEGESDPKNPKACTLDCDPRIFYSKCPRSEASAEEPICTNCCAGRKGCNYYSADGTFVCEGESDPNHPKACPKNCDPNIAYSLCLYEK,28475.02784,5.468,0.6,-15.9,-27.7
A0A0K9S2T0,MEIKKIRVAALLLVFGVILIMGIGNMKKVDAQSDGDDDDEKICPQFCYDNLDYMTCRSTGDQKRTPSCNCCLAPTNDGCILYFANGDAPIVC,10088.68954,4.131,-3.7,-7.4,-10.5
A0A2G2WX27,MAFYKVGILSLLLLSGVFLLGIQVEYTSAKSCLQFCDNEVAYMTCPSSRDEQISPVCVNCCTANEGCKLFRKNGSLICTGTQD,9041.52074,4.714,-0.7,-4.4,-7.3
A0A2G2X8V0,MAVHKEVSFLAFLLVLGILLLHVDAKACSEENAENRICTNCCAGRRKGCNYYSADGTFICEGESDPNNPKACPRYCDTRIAYSKCPRSEGNAENRICTNCCAGRKGCNYYSADGTFICEGESDPNNPKACPRYCDTRIAYSKCPRSEGNAENRICTNCCAGRKGCNYYSADGTFICEGESDPNNPKACPRNCDPNIAYSLCLYEK,22521.28214,6.222,2.3,-10.5,-19.4
A0A2G9G784,MAPSAGSRLQFLTILIYGILLVGINIVSSVKACPLYCLDVVSMTCNGTEVNFTSCNCCLAPKGCTLHLADGGSVYCG,7992.45884,6.211,0.6,-3.3,-6.1
A0A3B6GR13,MATCRFHIACAPLLVCVMLLGKNQEGMEAVACHQYCLEVDYITCPSSGSEKLPARCNCCMAGKGCTLHLSGGINQTCN,8313.80154,6.424,2.0,-4.6,-8.4
A0A2G9G672,MAPSAGLRFQLLSILIYACVISVGINMVSSKACPLYCLDVVSMTCNGTEVNFTRCNCCLAPKGCTLHLADGRSVYCS,8198.74264,7.156,2.6,-1.8,-4.9
A0A1B6Q2N4,MATSRFHMTCALLLLGAVLLGQQEQMGTEAVVCPLYCLQVDYMTCPSSGSEKLPAKCNCCLARAPKGCTLHLSDGTQQTCS,8629.13254,6.372,1.4,-3.8,-6.9
A0A2G9H7E3,MAPSARLRFQLLSILIYACVISVGINMISSKACPLYCLDVVSMTCNGTEVNFTRCNCCLAPKGCTLHLADGRSVYCS,8311.90504,7.386,3.6,-0.8,-3.9
A0A6J5W8R3,MARDKNIGPMVLLLVFGMISHPSSTIVPILLLISYHFVRTERSSILLGINPSTAKICPQYCTDQAGYMTCPSSGNTQLSPSCNCCLAPAGCTIYRADGTSVCTGT,11147.02484,7.233,3.2,-1.3,-4.1
A0A6J5TTZ0,MAADKNIGAMVLLLVCGSILLLAINPTEAKVCNKICYGAAAYMTCPSSGSTQLDPVCNCCLAPALGCTLYESDGTPICTST,8264.74444,4.016,-1.9,-5.8,-8.9
A0A2G2WK87,MAFCKVGILSLLLLSGIFLLGIEVEFGNAQKMCIQVCDPEVASMTCPSSGDEKINDVCVNCCTAAVGCKLFRSDGSLICTGTPE,8810.38354,4.015,-3.6,-7.8,-11.0
A0A2G2WK73,MAFCKVGILSLLLLSGIFLLGIEVEYGNAQKMCLQVCDPEVAYMTCPSSGDEKISDVCVNCCTAAVGCKLFRSDGSLICTGTPE,8875.45514,4.002,-3.6,-7.8,-11.0
A0A2G2WK98,MAISKIGILSLLLFSVVILLGISNMEKVEGKICPQICFDAAAYMMCPSSGTQKLAPTCNCCLAPQGCSLYYADRTLICTST,8629.36504,6.825,1.1,-2.4,-5.3
A0A6J5TU65,MARDKNIGPMVLLLVFGMISHPSSTIVPILLLISYHLVRTERSSILLGINPSTAKICPQYCTDQAGYMTCPSSGNTQLLPSCNCCLAPAGCTIYRADGTSVCTGT,11139.08884,7.233,3.2,-1.3,-4.1
A0A2G2X8Q0,MAAHKEVSFLTYLLVLGLMFLLVSASTKHDHDDDDDHDHDHDHDDDDDDHNPKPPKPCTKECGNFDYGICPRSEGSPKNPICTTCCAGYKGCYYYDANGKLICEGQSDPRKPNKHCLGNCDPKIAYSKCPGRSEGKTIIKPTGCTTCCTGYKGCYYYGKDGKFVCEGESIEPRVCTQECDPRVAYMTCPSTGSTKHTRICVNCCTAKPGCKLYDRNGSLLCTGDPKNH,25121.25774,6.018,3.4,-14.2,-23.4
C5XFQ3,MAASRFYVTCALLLIGVVLLGQQGIEGAVACPQYCLEVDYVTCPSSGSEKLPARCNCCLAPKGCTLHLSDGTQQTCS,8058.39174,5.183,-0.2,-4.7,-7.9
A0A2G2V3L6,MAVHKEVSFLGYLLVLGIFLHHVDGKACTRECGNLGYGICPRSEGSAEEPICTNCCAGYKGCKYYSADGTFICEGESDPNNPKACPRNCDPRIAYSKCPRSQGETLIYPTGCTTCCTGYKGCYYFGKDGKFVCEGESTEPKACTLECDPRVAYMTCPSAGLAKIKDVCVNCCTAGEGCKLYGHNGSLLCTGEPQSISTA,21245.23354,5.772,1.3,-12.1,-20.8
A0A2G2WDG3,MASSKVGVLTLLLLCVLLVGSNYVESADAKICPQFCEPNIGYMTCPSTGHKKLYPKCINCCKAGKGCKLYRKNGSLRCTGT,8693.40584,8.269,8.7,4.1,0.6
A0A2G2WK91,MDEARVGAPHELNFERFLLDVGRVIKFQVSIFGCAFVGTLALESCNVATAADDEKSCPRDCISDAAYMVCPTHHGRHKLIESYCDNCCTLPGNCKLFKENGDLICTGTDY,12097.77664,4.669,-3.0,-10.2,-13.8
A0A0V0H1C2,MAFHKVSFIACLLVLGMFLNTVDAKVCPRICGNFGYGLCPRSEGSPEKPICTNCCSGYKGCKYYSANGDLVCEGESDPRNPNDCSYECDTQIAYSKCPRSEGKMIIKPTGCTTCCTGYQGCYYFDQEGDFVCEGESPEPKAVA,15552.70014,4.538,-2.7,-11.2,-17.3
M1AJ83,MILLASDFEHANAKKCDPRIDFGICPYLGTKKVDGICINCCSGFKECKYFSKDYTLICDGESKDWESRKACSKECDRRIEFGICVTDLTKTVNGLCTTCSAGKKGCKYFNNNGTYICDGEYEWLSEGENDLQKSNVAIS,15528.63774,5.153,-0.5,-8.1,-13.6
M0ZPU7,MAFCKVGILSLLLLSGIFLLGIEVKYGNAQKMCLQVCDDEVAYMTCPSSGDEQISPVCVNCCTAGEGCKLFRADGSLICTGTPE,8874.42694,4.002,-3.6,-7.8,-11.0
M1BKA9,MGSNKVGVLTLLLLCVFLVGSNYVEAQICPQFCEPNVDYMTCSSSGSTILRPTCINCCQARGRGCQLFRRDGSAICN,8327.71904,7.149,2.1,-1.7,-4.8
M1AJ82,MAIHKVALLLVFGMILLASDFEHANAKKCDPRIDFGICPYLGTKKVDGICINCCSGFKECKYFSKDYTLICDGESKDWESRKACSKECDRRIEFGICVTDLTKTVNGLCTTCSAGKKGCKYFNNNGTYICDGEYEWLSEGENDLQKSNVAIS,16922.43444,5.959,1.0,-7.1,-12.7
B0FZ75,MAIHKVALLPVFGMILLASDFEHANAKKCDPRIDFGICPYLGTKKVDGICINCCSGFKECKYFSKDYTFICDGESKDWESRKACSKECDRRIEIGICVTDLTKTVNGLCTTCSAGKKGCKYFNNNGTYICDGEYEWLSEGENDLQKSNVAIS,16906.39174,5.959,1.0,-7.1,-12.7
M0ZZR6,MAVHKEVSSLAYLLVLGLLVLVSAMEHVDAKACTLECGNLGYGICPRSEGSPENPICTNCCAGYKGCNYYSANGTFICEGQSDPKNPKACPRNCDPHIAYSKCSRSRGKTLIYPTGCTTCCTGYKGCYYFGKDGKFVCEGESIEPKACTLECDSRVAYMTCPSSGLAKLNQVCVNCCTAGEGCKLYGYDGSLICTGEPQSYISTT,21860.02894,6.268,2.6,-10.1,-18.8
A0A097H1D6,MAVHKEVNFVAYLLIVLGLLVLVSAMEHVDAKACTLECGNLGFGICPRSEGSPENRICTNCCAGYKGCNYYSANGAFICEGESDPKKPKACPRNCDPHIAYSKCPRSEGKSLIYPTGCTTCCTGYKGCYYFGKNGKFVCEGESDEPKANMYPAM,16660.20024,6.714,3.5,-5.8,-11.8
J7EN93,MDVHKEVNFVAYLLIVLGLLVLVSAMEHVDAKACTLECGNLGFGICPRSEGSPENRICTNCCAGYKGCNYYSANGAFICEGESDPKNPNVCPRNCDTNIAYLKCLRSEGKSLVYPAGCTTCCTGYKGGYYFGKNGKFVCEGESDEPKANMYPAM,16637.05824,5.323,-0.0,-8.4,-13.9
A0A0V0GWC2,NGTFICEGNYDPRKQNTCPKNCDSKIAYSKCLLSEGNRVIENIECTSCCTGYKGCYYFGLDGKFVCEGKRSEPKICTQQCDPKVAYMICPSSGSTKLLTQICVNCCTAKADCKLYGHDGSLLCTGKPKIH,14252.45404,7.367,6.6,-2.3,-8.7
A0A2G2X8T6,MAVPKEVSFLAYLLVLAFSVTRGIFLLHADAKACTKECGNFAYGICPRSEGSAKEPICTNCCSGYKGCNYYSADGTFICEGEFDPKEGPKACPANCDPRIAYSKCPRSQGRRIDYPTGCTNCCTGYKGCYYFGKDGKFVCEGESTEPKKCPAICIIAAYMTCPSSGSVKIKVHCGNCCSLSEGCKLYRKDGSLICTGEPQISISAA,22077.46324,7.178,7.0,-5.2,-14.1
A0A0D3APY5,MATYKIWLMSLMITGAILADVIPGVTITKTAIACPLYCLEVEYMTCPSSGDEKLPPRCNCCLAPKNCTLHLSGSTSIHCTK,8738.45264,6.949,2.4,-2.4,-5.4
D8SAC0,MAASFLFLTILSFQLLLISADDFAASGHRLQVCSDAVVTLDECSNCCTLEPGCIYLEPGTGSPVCLGGTSPARACLPICLPPKIKVCPSRWTNRIPISVLPPGKEPSNGCHLYNLKTGAPLPNGDDNSCLKDAVEICGGTVHPWKPGSCATCCTIPQGCMDLGHGKSVCVSGPGKACTLECGFASYVCPGPKSVALDFNSCHTCKKPLREGCKLYNRQGHQLCVKEDDLLQLA,24574.57524,6.453,4.1,-10.1,-18.8
R0GJB3,MATNKILVMSLIIVGAMLGGVIPGVTTGKTAKACPLYCLQVEYMTCLSSGDAKLPPRCNCCLAPKNCTLHLSDSTSIHCK,8401.12374,7.688,5.2,0.6,-2.4
D8SAC2,MAASFLFLTILSFQLLLISADDFAASSHRLQVCSDAVVTLDGCSSCCALEAGCIYLEPGTGSPVCLGGTSPFRPCPLICHPPKIKVCPSRGTNRIPISVLPPDKEPSNGCHLYNLKTGAPLPNGDDNSCLKDAVEICGGTVHPWKPGSCATCCTIPQGCMDLGHGKSVCVSGPGKACTLECGFASYVCPGPKSVALDFNSCHTCKKPLREGCKLYNRRGHQLCVKEDDLLQLA,24532.49774,6.705,5.6,-9.1,-17.8
D7TGT1,MGNMKFSVFVLLLVCGVVLLGETSKSFGAKACPLYCLDVDYMTCVSSGEEKLTAPCNCCLAPKQCTLHLVDGSEVQCD,8328.83414,4.355,-2.1,-6.8,-10.1
A0A438GUJ2,MLIHDALAGVVLLGETSKSFGAKACPLYCLDVDYITCVSSGEEKLTAPCNCCLAPKQCTLHLVDGSEVQCN,7491.71304,4.325,-2.5,-7.4,-10.3
D8RWY6,MMKGLGCFVLLLALSPCILAAVCPQYCIASADYVICESPSPAKKMKLAVSCAVVLLLVSYQCELVPACPQYCLSDADYVICNSPVPAKYPVSCGNCCFARSAVGSSKDCSIHFTDGRLQACGF,12990.44954,6.639,1.7,-5.3,-10.6
D8QVL2,MAASFLFLTILSFQLLLISADDFAASGHRLQVCSDAVVTLDECSNCCTLEPGCIYLEPGTGSPVCLGGTSPARACLPICLPPKIKVCPSRWTNQIPISVLPPGKEPSNGCHLYNLKTGAPLPNGDDNSCLKDAVEICGGTVHPWKPGSCATCCSIPQGCLDLGHGKSICVSGPDKTCTFKCGSASYVCPGPKSVALDFNSCHTCRKPLKEGCKLYNRQGHQLCVKEDDLLQLV,24617.57934,6.453,4.1,-10.1,-18.9
D8QVP9,MAASFLFLTILSFQLLLISAASSHRLQVCSDAVVTLEECSNCCALKAGCIYLEPGTGSPVCLGGTSPFRPCPLICQPPKIKVCPSPGTNQIPISVLPPDKEPSNGCHLYNLKTGAPLPVNGDDKSCLKDAVEICGGTVHPWTPGSCATCCTIPQGCLDLGHGKSICVSGPGKVCTRECGFVSYVCPGPKSVALDFNSCHTCKKPLKEGCKLYNRQGHQLCVKEDDLLQLA,24225.29484,6.861,6.1,-8.1,-16.9
A0A0V0GNA2,MAIHKVALLLVFGMILLASDFKHADAKVWTKESDRRIDYGICPYLGTKKVGGPLCVNCCSGKIGCKYFNKNGTFICDGGSEWDGRKACSKECDPRIDIGFCAYVQTKIVNGLSTNCSAGKKGCKYFSNDGT,14237.53944,8.052,8.5,2.2,-2.4
A0A1X9QDP7,MDVHMEVNFVAYLLIVLGLLVLVSAMEHVDAKACTLECGNLGFGICPRSEGSPENRICTNCCAGYKGCNYYSANGVFICEGQSDPKKPKACPPNCDPHIAYSKCPPSKGKSLIYPTGCTTCCTGYKGCYYFGKNGKFECERKSDEPKANMYPAM,16743.39164,6.952,4.4,-4.8,-10.9
A0A097H193,MAIHKVALLLVFGMILLASDFEHANAKKCDPRIDFGICPYLGTKKVDGICINCCSGFKECKYFSKDYTFICDGESKDWESRKACSKECDRRIEIGICVTDLTKTVNGLCTTCSAGKKGCKYFNNNGTYICDGEYEWLSEGENDLQKINVAIS,16948.51564,5.959,1.0,-7.1,-12.7
M1B8F9,MALYKVSFLAHLLFLGMFILVSRVEHVNACTKECGNLGYGICPGSEGSPENPICTNCCSGYKGCNYYNANGTFICEGTSDPKNPNTCPFYCDPQIAYSKCPRSEGKTIIYPTGCTTCCTGYKGCYYFGQEGEFVCEGESIEPKGCTQECDPRVAYMTCPSSGLAKLNEVCVNCCTAGEGCKLYEHDGSLLCTGEPQTSTA,21514.40924,4.525,-4.2,-17.1,-25.6
M1DJV3,MFQLISATELDDATMFCTMECGKFSYTICPRSEGSPRNPICINCCAGYKGCNYYSANGTFICEGKSDPRKPNTCPKNCDSKIVYSKCPLSEGNRVIENIECTSCCTGYKGCYYFDLDGKFVCEGKRSEPKICTQQCDPKVAYMICPSSGSTKLLTQICVNCCTAKASCKLYGHDGSLLCTGKPKIH,20390.56284,7.184,6.8,-5.2,-14.1
M1AJ81,MAIHKVALLLVFGMILLASDFEHANAKKCDPRIDFGICPYLGTKKVDGICINCCSGFKECKYFSKDYTLICDGESKDWESRKACSKECDRRIEFGICVTDLTKTVNGLCTTCSAGSEYSSSANIQVDNRSKYRNALIKMKELRLALLNRTYTSLHPYTHQVQIRIYIICLSYML,19726.01894,7.794,9.0,0.4,-4.9
A0A1X9QDN7,MDVHKEVNFVAYLLIVLGLLVLVSAMEHVDAKACTLECGNLGFGICPRSEGSPENRICTNCCAGYKGCNYYSANGAFICEGQSDPKKPKACPLNCDPHIAYSKCPRSEGKSLIYPTGCTTCCTGYKGCYYFGKNGKFVCEGE,15324.68474,6.725,3.4,-5.8,-11.7
M1D0E9,MAAHKVSFIACLLVLGMFLLVNTVDAKVCPRICGNFGYGLCPRSEGSPEKPICTNCCSGYKGCKYYSANGDLVCEGESDPRNPNDCSYECDTQIAYSKCPRSEGKMIIKPTGCTTCCTGYQGCYYFDQEGDFVCEGESPEPKAVA,15688.89434,4.538,-2.7,-11.2,-17.3
J7EQ45,MDVHKEVSFVAYLLIVLGMFLYVDALGCTKECGNLGFGTCPRSEGSPTNPICINCCSGYKGCNYYSAFGRFICEGESDPKNPNVCPRNCDTNIAYSKCLRSEGKSLIYPTECTTCCTGYKGCYYFGKNGKFVCEGEIDEPKANMYPAM,16266.66404,5.428,0.3,-7.8,-13.7
K7W5K0,MAIHKVALLLIFGIILLASDFEHADAKECDPRIDFGICPYLGTKKVDGICINCCSGYKECKYFSKDYTFICDGESTDWQSGKACSKECDRRIEFGICVTDLTKTVNGLCTTCSAGKKGCKYFNNNGTYICDGEYEWLSEGENDLQKSNVAIS,16843.18144,4.649,-2.9,-11.0,-16.5
A0A1X9QDP2,SEGSPTNPICINCCSGYKGCNYYSAFGRFICEGESDPKNPKACPLNCDTNIAYSRCPRSEGKSLIYPTGCTTCCTGYKDCYYFDKNGKFVCEGESDEPKA,10938.21804,4.892,-0.5,-6.5,-11.3
M1B8F8,MAVHKQVSLFAYLLVLGMLLFVSAMEHADAKACTKECGNLGYGICPRSEGSPENPICTNCCAGYKGCNYYSANGTFICEGESDPKKPKVCPLNCDPHIAYSKCPRSGGNTLIYPTGCTTCCTGYKGCYYFGKDGKFVCEGESIEPKACTLECDSRVAYMTCPSSGLAKIYQVCVNCCTAGEGCKLYGHDGSLICTGEPQSYISTT,21892.13134,6.037,2.1,-11.1,-19.9
M1C853,AFKLNMYLISFFIGIFLLGIQVEYTNAKSCLQYCDDEVAYMTCPSSGDEQISQVCVNCCTADEGCKLFKTDGSLICTGTKD,8917.24184,3.84,-4.6,-8.4,-11.4
M0ZPU4,MCLQVCDDEVAYMTCPSSGDEQISPVCVNCCTAGEGCKLFRADGSLICTGTPE,5552.31324,3.456,-5.7,-9.3,-12.0
M1C854,MAFYKVGILSLLLLSGIFLLGIQVEYTNAKSCLQYCDDEVAYMTCPSSGDEQISQVCVNCCTADEGCKLFKTDGSLICTGTKD,8978.36634,3.84,-4.6,-8.4,-11.4
A0A023UDB8,MAVHKEVNFVAYLLIVLGLLVLVSAMEHVDAKACTLECGNLGFGICPRSEGSPENRICTNCCAGYKGCNYYSANGAFICEGESDPKNPNVCPRNCDTNIAYSKCLRSEGKSLIYPTGCTTCCTGYKGCYYFGKNGKFVCEGESDEPKANMYPAM,16657.10724,5.777,0.9,-7.8,-13.7
M1C870,MAFYEVGILSLLLLSGIFLLGIQVEYTNAKSCLQYCDDKVAYMTCPSSGDEQISQVCVNCCTADEGCKLFKTNGSLICTGTKD,8977.38154,3.955,-3.7,-7.4,-10.4
M1B8F7,MAVHKDVSFLACLLVLGLMFLHVSATIDQDRDIINPRLCTRECGNFSYAICPRSEGDPRNPICTTCCAGYKGCHYYSANGTFICEGQSDPRKPNERCSKECDRKIAYSKCPRSEGPTIIKPTGCTTCCTGYKGCYYYGKDNKFVCEGQSDEPKVCTQQCDPKVAYMTCPPESAKRTRICVNCCTAKPGCKLYGHDESLICVGGVKGH,22784.22514,7.287,9.7,-4.6,-13.8
A0A0V0HBN9,MAVHKEVSFVAYLLIVLGMFLHVDALGCTKECGNLGFGICPRSEGSPTNPICINCCSGYKGCNYYSAFGRFICQGESDPKNPNACPLNCDPNIAYSRCPRSEGKSLIYPTGCTTCCTGYKGCYYFGKNGKFVCEGESDEPKAYMSTA,15892.21464,6.666,2.7,-5.8,-11.6
C0SKK6,MAIHKVALLLVFGMILLASDFEHADAKECDPRIDFGICPYLGTKKVDGICINCCSGYKECKYFSKDYTFICDGESKDWQSRKACSKECDRRIEFGICVTDLTKTVNGLCTTCSAGKKGCKYFNNNGTYICDGEYEWLSEGENDLQKSNVAIS,16973.39244,5.08,-0.9,-9.1,-14.6
A0A097H1D1,MAIHKVALLLVFGMILLASDFEHANAKKCDPRIDFGICPYLGTKKVDGICINCCSGFKECKYFSKDYTFICDGESKDWESRKACSKECDRRIEFGICVTDLTKTVNGLCTTCSAGKKGCKYFNNNGTYICDGEYEWLSEGENDLQKSNVAIS,16956.45164,5.959,1.0,-7.1,-12.7
J7EN94,MDVHKEVNFVAYLLIVLGLLVLVSAMEHVDAKACTLECGNLGFGICPRSEGSPENRICTNCCAGYKGCNYYSANGAFICEGESDPKNPNVCPRNCDTNIAYSKCLRSEGKSLIYPTGCTTCCTGYKGCYYFGKNGKFVCEGESDEPKANMYPAM,16701.11704,5.319,-0.0,-8.8,-14.7
A0A0V0GZD4,MEHVDAKACTLECGNLGFGICPRSEGSPENRICTNCCAGYKGCNYYSANGAFICEGQSDPKKPKACPLNCDPHIAYSKCPRSEGKSLIYPTGCTTCCTGYKGCYYFGKNGKFVCEGESDEPKANMYPAM,13921.82974,6.673,2.8,-5.8,-11.7
J7EQ14,MDVHKEVNFVAYLLIVLGLLVLVSAMEHVDAKACTLECGNLGFGICPRSEGSPENPICTNCCAGYKGCNYYSANGAFICEGQSDPKKPKACPLNCDPHIAYSKCPRSEGKSLIYPTGCTTCCTGYKGCYYFSKNGKFVCEGESDEPKANMYPAM,16631.15264,5.965,1.5,-7.8,-13.8
A0A1X9QDN8,MDVHKEVSFVAYLLIVLGMFLYVDALGCTKECGNLGFGTCPRSEGSPTNPICINCCSGYKGCNYYSAFGRFICEGESDPKNPNVCPRNCDTNIAYSKCLRSEGKSLIYPTECTTCCTGYKGCYYFGKNGKFVCEGE,14905.07044,6.146,1.2,-6.8,-12.6
K7X8A9,MGSNKVGVLTLLLLCVFLVGSNYVEAQICPQFCEPNVDYMTCSSSGSTILRPTCINCSQARGRGCQLFRRDGSAICN,8311.65844,7.211,2.1,-1.3,-4.0
Q3S485,MEHVDAKACTLECGNLGFGICPRSEGSPENHICTNCCAGYKGCNYYSANGAFICEGQSDPKKPKACPLNCDPHIAYSKCPRSEGKSLIYPTGCTTCCTGYKGCYYFDKNGKFVCEGESDEPKANMYPAM,13960.82004,5.959,1.4,-7.8,-13.7
Q3S493,MAVHKEVNFVAYLLIVLGIFLLVSVVEHVDAKACTLECGNLGFGICPRLEGSPTNPICINCCSGYKGCNYYSAFGRFICEGESDPKNPKACPLNCDTNIAYSRCSRSKGKTLIYPTGCTTCCTGYKGCYYFGKNGKFVCEGESDEPKANMFPAM,16728.38694,6.934,3.8,-4.8,-10.7
J7EQ46,MDVHKEVSFVAYLLIVLGMFLYVDALGCTKECGNLGFGICPRSEGSPTNPICINCCSGYKGCNYYSAFGRFICEGESDPKNPKACPLNCDTNIAYSRCPRSEGKSLIYPTGCTTCCTGYKDCYYFDKNGKFVCEGESDEPKAYMSTA,16097.37624,4.958,-0.7,-8.8,-14.7
O82735,VDAKACTLECGNLGFGICPRSEGSPENPICTNCCAGYKGCNYYSANGAFICEGQSDPKKPKACPLNCDPHIAYSKCPRSEGKSLIYPTGCTTCCTGYKGCYYFSKNGKFVCEGESDEPKANMYPAM,13495.33604,6.631,2.1,-5.8,-11.8
M1AJ80,MAFNKVALLILFAIFAGTILLLSQVDAEPACPRNCNPIIQYGRCPKSGNKKFKVGCTNCCSGTEGCNYFSANGTFICEGQTKKTIDETNKVCPFNCNPRIAYSICPGNKRSKGRICTNCCAGKKGCNYFSTDGTFVCEGESKVKSS,15745.22894,7.975,10.4,3.1,-3.0
M1D3J7,MAIHRVVFLALLLLSGTFLLGSKVESADGKACTRNCDPDVAYMVCPSSGHRIIKQVCVNCCSARKGCKLFRKNGSVKCIGN,8704.38294,8.752,9.2,4.6,1.5
Q3S483,MAVHKEVNFVGYLLIVLGLLVLVSAMEHVDAKACTLECGNLGFGICPRSEGSPENHICTNCCAGYKGCNYYSANGAFICEGQSDPKKPKACPLNCDPHIAYSKCPRSEGKSLIYPTGCTTCCTGYKGCYYFDKNGKFVCEGESDEPKANMYPAM,16641.15074,6.09,2.0,-7.8,-13.8
J7ENS8,MDVHKEVNFVAYLLIVLGLLVLVSAMDHVDAKACTLECGNLGFGICPRSEGSPENRICTNCCAGYKGCNYYSANGAFICEGQSDPKKPKACPLNCDPHIAYSKCPRSEGKSLIYPTGCTTCCNVTLDLSIFWIGQLN,14793.12624,5.967,1.2,-6.9,-12.0
Q2XVY5,MAVHKVSFLALLLLLGMSLLVSNVEHADAKACPLNCNPRIAYGVCPRSEEKKNDRICTNCCAGTKGCKYFSDDGTFVCEGESDPRNPKACPRNCDPRIAYGICPLSEEKKNDRICTNCCAGTKGCKYFSDDETFVCEGESDPRNPKACPRNCDPRIAYGICPLSEEKKNDRICTNCCAGKKGCKYFSNDGTFVCEGESDPRNPKACTLNCDPRIAYGICPLSEEKKNDRICTNCCAGKKGCKYFSDDGTFVCEGESDPRNPKACTLNCDPRIAYGICPLSEEKKNDRICTNCCAGKKGCKYFSDDGTFVCEGESDPRNPKACPRNCDGRIAYGICPLSEEKKNDRICTNCCAGKKGCKYFSDDGTFICEGESEYASKVDEYVREVENDLQKFKVAVS,43662.54434,6.183,3.7,-20.5,-38.5
A0A1S3ZJX9,MAIHKVGFLALLLLFGTHVLGSKMATAAEEEKSCPRDCISDAAYMVCPTRHGRHKLIESYCDNCCTLPENCKLFKENGDLICTGTDY,9614.16604,5.874,0.8,-5.4,-8.4
A0A6N2AYM9,MAIYKVALLLLFGMILLASDFEHAKACTKECDIRIEFGICPFLQTKIINGLCTNCCAGKKGCKYFSKDGTYICDGESEWVSEKNNNLEKACTKECDTRIDFGICPLLETKRVEGLCTNCCAGKKGCKYFSQDGTYICDGESEWVSEKDNNLEKACTKECDTRIDFGICPLLETKRVEGLCTNCCAGKKGCKYFSADGTYICDGESEWVSEGENDLDKSNVAIS,24657.20574,4.552,-5.7,-18.4,-27.6
A0A022Q5A4,ILLVLESNAQYASAKVCPLYCIINQGIYMTCPSSGSQKLEPVCNCCLAKTGCKLYRDNGTLICTAT,7094.37124,7.184,2.1,-1.4,-4.3
A0A2S3HWR8,MAASRVHITCALLLIGAVLLGQGQEGMEGAVACPQYCLEVDYVTCPSSGAEKLPARCNCCMTPKGCTLHLSDGTQQTC,8119.46834,5.136,-0.6,-5.7,-8.9
A0A068UQ46,MAISRINGVMAILLCGMILLSSNVEVKVVEACPQYCLDVEYMTCGNSETKLPPRCNCCLAPKGCTLHLADGTSQYCS,8275.79474,5.239,-0.2,-4.8,-7.9
A0A453ELF2,MATCRFHIACAPLLVCVMLLGKNQEGMEAVACHQYCLEVDYITCPSSGSEKLPARCNCCMAGKGCTLHLSGGINQTCN,8313.80154,6.424,2.0,-4.6,-8.4
A0A068UQY4,MAGTKVGVITLLLCAATILLGLKPELASAKVCPRFCYAAVAYMTCPPAPYKKLGPVCNCCMAKPGCKLFRADGTVICTAS,8300.19434,8.078,7.0,3.1,-0.3
A0A068VJU5,MAGTKVGVITLLLCATILLGLKPEHASAKVCPFFCYAEVAYMTCPPAPYKKLGPVCNCCLAKPGCKLFRADGTVICTAS,8284.08984,7.743,5.7,1.1,-2.3
A0A6A4R7C6,MDDVGVLFMKSVEGSSKICIEPLVCDDAAYMICPSSGSKHVAPACNCCYAPIGCKLYRANNTVICTST,7196.41054,5.186,-0.2,-4.4,-7.3
A0A068VAL0,MAINKIGAMAILFCGMILLGANIEVKAVRQAPLRPCPRNCIGGTVYKVCNGTKTYTDCTNCCVSDGCTLYFEDGSSLYCDWPYAKY,9390.00734,7.147,2.2,-1.8,-5.1
Q1WL36,MAVHRVSFLALLLLLGMSLLVSNVEHADAKACTLNCDPRIAYGVCPRSEEKKNNQICTNCCAGTKGCNYFSADGTFVCEGESDPRNPKACPRNCDPRIAYGVCPRTEEKKDNQICTNCCAGTKGCNYFSANGTFICEGESDPRNPKACTLNCDPRIAYGVCPRSEEKKNNQICTNCCAGTKGCNYFSADGTFVCKGESDPRNPKACPRNCDPRIAYGVCPRTEEKKDNQICTNCCAGTKGCNYFSANGTFICEGESDPRNPKACTLNCDPRIAYGVCPRSEEKKNNQICTNCCAGTKGCNYFSADGTFVCEGESDPRNPKACPRNCDGRIAYGVCPRSEEKKNNRICTNCCAGTKGCNYFSADGTFVCEGESDPRNPKACPRNCDGRIAYGVCPRSEEKKNNRICTNCCAGTKGCNYFSADGTFICEGESEYVNKVENDLEKSKVAVI,48642.80134,6.908,9.5,-17.7,-37.9
A0A068UQG0,MAGAKVGIITLLFCATILLGWKPEHASAKVCPLVCFKAAYMICPHPPHKKLRPVCNCCLAKPHCKLYRHDGTVICTAAG,8531.44744,8.391,10.9,4.2,0.7
A0A068UQV4,MGISLSSFKSKQGFGRQGIMAINRMNGVMAILLCGMILLGGANVEVEACPQYCLDVEYMTCGNSGTKQYPSCINCCLAPKGCTLHLADGTTQYCG,10052.79964,6.833,1.8,-2.8,-6.0
Q1WL50,MAVHRVSFLALLLFFGMSLLVSNVEHAKACTRECDTRIAYGVCPRLEEKTNNRICTNCCAGKKGCKYFSDDGTFVCEGESDPRNPKPCPRNCDGRIAYGICPLSEEKKNNRLCTNCCAGTKGCNYFSADGTFVCEGESDPRNPKACPRNCDPRIDYRVCPRSEEKKNDRICTNCCSGKKGCKYFSDDGTFVCEGESDPRNPKGCTFECDPRIAYGICPLSEEKKNNRLCTNCCAGKKGCNYFSSNGTFICEGESEYGSKVVEYVGEVEDDLQKSKVAVS,30815.87254,6.781,5.0,-11.6,-23.5
Q1WL45,MAVHRVSFLALLLLFGMSLLVSNVEHADACTFNCDPKIAYEVCPRSEEKTNNQICTNCCSGTKGCRFFSANGTFVCEGESDPRNPKACPLNCDPRIAIGICPLSQEKKNDQLCTNCCAGKKGCNYFSDDGTFICEGESDPNNPKDCPRNCDGRIAYGICPLSEEKKNDRTCTNCCAGTKGCNYFSYDGTFVCEGESDPRNPKFCPQNCDGRIAYGICPVSEEKKNNRLCTNCCAGAKGCRFFSADGTFVCEGESDPRNPKFCPLNCDPRIASGICTLSEEKKNDRLCTNCCAGTKGCRFFSADGTFVCEGESDPRNPKACPLNCDPRIATGICPYSKEKKNDRICTNCCSGKKGCKYFSDDGTFVCEGETEYPSKVDEYVHEVENDLQSKVAVS,43028.49424,5.025,-2.0,-26.3,-43.8
Q2TU74,MAVHKVSFLACLLVLGWMFLLAKHVDAKACTRECGHFSYGICPRSEGSPQKPICTNCCSGYKGCNYYSAKGDLICE,8325.79154,7.426,4.9,-0.8,-4.2
Q8W2K1,MAVHKEVSSLAYLLVLGLMFLHVSAVKHVDAKPCTRECGNLGYGICPRSEGSPENPICTNCCSGYKGCNYYSANGTFICEGSSDPKNPNTCPLFCDGDIAYSKCPRSEGETIIYPTGCTTCCTGYKGCYYFSKEGEFVCEGESDEPNVISNQ,16413.49944,4.556,-3.4,-12.7,-18.5
Q8W2K6,MAVHKVSFLACLLVLGWMFLLAKHVDAKACTRECGHFSYGICPRSEGSPQKPICTNCCSGYKGCNYYSAKGDLICEGESDPRNPKDCTFECDTQIAYSKCPRSEGKMIIKPTGCTTCCTGYQGCYYFDQDGDFVCEGESPEPKTTAYF,16323.63244,5.596,0.4,-9.2,-15.5
A0A199UJF1,MGRTRLSMAPFLVLSGILLVGLFQSSAKAVACPQYCLDVSYVTCTSSGKERLPARCNCCLAGKGCTLHLSDGSQMTCS,8208.68014,7.673,4.6,0.6,-2.2
A0A5N5J5B8,MSSTTTNTSPTTNSTAINSNSKNGSNQDPGSYFIDVARQYSSPIGAETELEPKELNTLNSSGGFIVVSTDKLSIKYPGVNLHGHDVGVIQADKPVPEKRLVYYFEIFVKNAGAKGQIAIGFTNQSFKMRRQPGYNRQKSLIGNVGSCALWETNSCGYHGDDGNLYTGHGKGDAFGPTFTTNDTVGAGINYASHEFFFTKNGAVVGAVYKDKDMKGPLFPTVAVHSQNEEYVAHLLQLVAIFNYYSETVCLSIPVLDLNYADMVDYPVATMEYERQEAMKQISAVDKISLPPNISYRLVRSYLLHYGYEATLNAFDVASKNTIPPIYIAQENGSGEQDIAYALTHRKTLRQLIRNGEIDAALSNLRDWYPQIMQDEKSAACFLLHCQKFIELVRVGALGDAVTYGRIELAKFFKLPPFDDLVRDCVALLAYEQPQKCSAGYLLEDSQREIVADAVNAMILSTDPNVKDSQSCLRSHLESLLRQLTVCCLERRFHPEDVAFRVHCKSFDIQILNLFQDFYLIMKKALMVFSWERSGDASSWIPFFISFRHKQVPPNLSIVPLQISDKANTSQFRFGRNMAGARPTANAMVLLLLGVVLLGAIGGGSIAKACPLYCLDVDYMTCKSSGDKKLDSACNCCLAPQNCTLHLADGRLVQC,72364.48654,6.275,6.5,-13.3,-21.8
A0A445E1K7,MAFNKVGVIFLVMVICGMIILEGEVKRVEGCEQVCYEAAYMTCPSSASGEEHLSPACNCCLAPRGCTLYNSDGSTICSANN,8604.97704,4.212,-2.9,-7.7,-10.9
A0A199VFN3,MLESQSKEATWKSNKHEKRTVLLGWELQSAAAQAPCNLICFDNVLYVTCTSSGGKKLPPMCSCCYLPDDCTLHLSDGTSINC,8986.31724,5.834,0.5,-4.4,-7.4
Q6JKN9,MAVHKEVSSLAYLLVLGLLFLFVSAIKHVDAKPCTRECGNLGYGICPRSEGSPENPICTNCCSGYKGCNYYSANGTFICEGSSDPKNPNTCPLYCDGDIAYSKCPRSEGQTIIYPTGCTTCCTGYKGCYYFSKEGEFVCEGESIEPNVISNQ,16432.61394,4.69,-2.1,-10.7,-16.5
A0A445E1E1,MRHRIIYSPSSPSTSMYATKKMAFNNARVILLVLLVVYGASFLGGEMKGVDAKICPQICYGASYMTCPSSGDRRLSPKCNCCVASTGCTLYNGDGTTICTAP,10887.74064,8.0,6.7,2.6,-0.4
A0A445A6B3,MAFNNARVILLVLLVVYGASFLGGEMKGVDAKICPQICYGASYMTCPSSGDMQLPPKCNCCVASTGCTLYNVDGTTICTAP,8462.97444,5.554,0.1,-3.4,-6.2
E9JGT1,CDTRIDYGICPVSETKRINQICTNCCAGKKGCMYFSDDGTFICEGESEYVSEVPVDNKPCPRNCDGRIAYGICPLSETKRINQICTNCCAGKKGCMYFSNDGTFICEGESEYVSEVPVDNKPCPRNCDGRIAYGICPLSENKRINQICTNCCAGKKGCLYFSNDGTFICEGESE,19124.65014,4.468,-3.9,-14.7,-22.9
D2CGT5,MAVPKEVSFLAFLLVLEILLLHVDAKACSEENAENRLCTNCCAGRKGCNYYSADGTFICEGESDPNNPKACPRNCDTRIAYSKCPRSEGNAENRLCTNCCAGRKGCNYYSADGTFICEGESDPNNPKACPRNCDPNIAYSLCLYEK,15991.03364,4.819,-1.5,-10.2,-16.2
T1PZF2,MAVPKEVSFLASLLVLGILLLHVDAKACSEENAENRICTNCCAGRKGCNYYSADGTFICEGESDPNNPKPCTLNCDPRIFYSKCPRSEGNAENRICTNCCAGRKGCYYYSDDGTFICEGESDPNNPKPCPRNCDTRIAYSICPRSEGNAENRICTNCCAGRKGCNYYSADGTFICEGESDPNNPKACPRNCDPNIAYSLCLYEK,22330.04024,4.752,-2.3,-14.5,-23.3
T1PZJ8,MAVPKEVSFLASLLVLGILLLHVDAKACSQRNAKEPICTNCCAGRKGCNYYSADGTFICEGESDPNNPKPCTLNCDPRIFYSKCPRSEGNAENRICTNCCAGRKGCNYYSADGTFICEGESDPNNPKACPRYCDTRIAYSKCPRSEGNAENRLCTNCCAGRKGCNYYSADGTFICEGESDPNNPKACPRNCDPNIAYSLCLYEK,22256.09394,6.51,2.6,-9.5,-18.5
A0A097J9D6,AVPKEVSFPAFLLVLEILLLHVDAKACSEENAENRICTNCCAGRKGCNYYSADGTFICEGESDPNNPKACPRNCDPNIAYSLCLYEK,9535.84254,4.416,-2.8,-7.8,-11.1
A0A2G2Z3H2,MASSKVGVLTLLLLCVLLVGSNYVESADAKICPQFCEPNIGYMTCPSTGHKKLYPKCINCCKAGKGCKLYRKNGSLRCTGT,8693.40584,8.269,8.7,4.1,0.6
Q4U5Z4,WLFPKKLVVHASLLVLGILLLHVDAKACSQRNAKEPICTNCCAGRKGCNYYSADGTFICEGESDPNNPKACPRYCDTRIAYSKCPRSEGNAENRLCTNCCAGRKGCNYYSADGTFICEGESDPNNPKACPRNCDTRIAYSKCPRSEGNAENRLCTNCCAGRKGCNYYSADGTFICEGESDPNNPKACPRNCDPNIAYSLCLYEK,22343.20904,7.071,6.1,-6.6,-15.5
Q9SDL4,MAVHKEVSFLAFLLVLEILLLHVDAKACSEENAENRICTNCCAGRKGCNYYSADGTFICEGESDPNNPKACPRYCDTRIAYSKCPRSEGNAENRICTNCCAGRKGCNYYSVIGTFICEGESDPNNPKACPRNCDTRIAYSKCPRSEGNAENRLCTNCCAGRKVCNYYSADGTFICEGESDPNNPKACPRNCDPNIAYSLCLYEK,22456.29134,5.815,1.4,-11.5,-20.4
T1PZB4,MAVPKEVSFLASLLVLGILLLHVDAKACSQRNAKEPICTNCCAGRKGCNYYSADGTFICEGESDPNNPKPCTLNCDPRIFYSKCPRSEGNAENRICTNCCAGRKGCNYYSADGTFICEGESDPNNPKACPRYCDTRIAYSKCPRSEGNAENRICTNCCAGRKGCNYYSADGTFICEGESDPNNPKACPRNCDTRIAYSKCPRSEGNAENRLCTNCCAGRKGCNYYSADGTFICEGKSDPNNPKACPRNCDPNIAYSLCLYEK,28563.10834,6.934,5.8,-9.9,-21.7
A0A1J3DYX7,ESMATYKIWVMSLIIIGAVLVGGVIPGVTTTKTAIACPLYCLQVEYMTCLSSGDDKLPPRCNCCLAPKNCTLHLSDSTSIHCNK,9007.69494,6.943,2.3,-2.4,-5.4
A0A097J9B6,MAVHKEVSFLAFLLVLEILLLHVDAKACSEENAENRICTNCCAGRKGCNYYSADGTFICEGESDPNNPKACPRYCDTRIAYSKCPRSEGNAENRLCTNCCAGRKGCNYYSADGTFICEGESDPNNPKACPRNCDTRIAYSKCPRSEGNAENRLCTNCCAGRKGCNYYSADGTFICEGESDPNNPKACPRNCDPNIAYSLCLYEK,22388.08604,5.434,0.4,-12.5,-21.4
A0A2I0XG42,MKANSPYSEAGLANELKSSQILGKKNGQNSNLAATARRFLPSEIHLISVQIKIKTKSFTEIIITRKDRYNSASLYIQEAKLLTKNHQRRQMGLPKPSLALMLLLCGMILLSDLQEIKGAVACPQYCLDVDYMTCASSGDEKLAARCNCCLAPKGCTLHLVDGQNVYCA,18452.60164,8.41,10.3,4.0,0.2
A0A1U8GHX6,MAAHKEVSFLTYLLVLGLMFLLVSASTKHDHDDDDDDHDHDHDHDDDDDDDHNPKPPKPCTKECGNFAYGICPRSEGSPKNPICTTCCAGYKGCYYYDANGKLICEGQSDPRKPNKHCPRNCDPKIAYSKCPGRSEGKTIIKPTGCTTCCTGYKGCYYYGKDDKFVCEGESIEPRVCTQECDPRVAYMTCPSTGSTKHTRICVNCCTAKSGCKLYDRNGSQLCTGDPKNH,25453.48754,5.899,2.4,-15.2,-24.4
D2CGU1,MAVPKEVSFLASLLVLGILLLHVDAKACSQRNAKEPICTNCCAGLKGCNYYNADGTFICEGESDPNHPKACPKNCDPNIAYSLCLYEK,9511.02394,5.819,0.5,-4.8,-8.3
Q4ZIQ3,MAVPKEVSFLAFLLVLEILLLHVDAKACSEENAENRICTNCCAGRKGCNYYSADGTFICEGESDPNNPKACPRYCDTRIAYSKCPRSEGNAENRLCTNCCAGRKGCNYYSADGTFICEGESDPNNPKACPRNCDTRIAYSKCPRSEGNAENRICTNCCAGRKGCNYYSADGTFICEGESDPNNPKPCTLNCDPRIFYSKCPRSEASAEQPICTNCCAGLKGCNYYNADGTFICEGESDPNHPKACPKNCDPNIAYSLCLYEK,28636.10384,5.0,-1.3,-17.9,-29.6
A0A2P5EHN1,MAATNKLSVILPLLVIAATLVALQPENVAGKVCPQLCLGAEYMTCGSSDERLNPSCNCCLAPQGCTLYFSDGTSQYCA,8146.49494,4.091,-1.8,-5.4,-8.1
T1PZJ7,MAVPKEVSFLAFVLVLGILLLHVDAKACSEENAENRICTNCCAGRKGCNYYSADGTFICEGESDPNNPKPCTLNCDPRIFYSKYPRSEGNAENRICTNCCAGRKGCYYYSDDGTFICEGESDPNNPKPCPRNCDTRIAYSICPRSEGNAENRICTNCCAGRKGCNYYSADGTFICEGESDPNNPKACPRDCDPNIAYSLCLYEK,22437.13384,4.63,-3.2,-15.1,-23.6
T1PZ86,MAVPKEVSFLAFLLVLGILLLHVDAKACSEENAENRICTNCCAGRKGCNYYSADGTFICEGESDPNNPKPCTLNCDPRIFYSKCPRSEGNAENRICTNCCAGRKGCYYYSDDGTFICEGESDPNNPKACPRNCDTRIAYSKCPRSEGNAENRLCTNCCAGRKGCNYYSADGTFICEGESDPNNPKACPRNCDPNIAYSLCLYEK,22379.11544,4.925,-1.3,-13.5,-22.4
A0A097J9D4,MAVPKEVSFLGYLLVLGIFLHHVDGKACTRECGNLGYGICPRSEGSAEEPICTNCCAGYKGCKYYSADGTFICEGESDPKNPKGCPRNCDPRIAYSKCPRSQGETLIYPTGCTTCCTGYKGCYYFGKDGKFLCEGESTEPKACTLECDPRVAYMTCPSTGLAKIKDVCVNCCTAGEGCKLYGHNGSLLCTGESQSISTA,21239.26714,5.938,1.7,-11.1,-19.9
A0A097J9C9,MAVHKEVSFLGYLLVLGIFLHHVDGKACTRECGNLGYGICPRSEGSAEEPICTNCCAGYKGCKYYSADGTFICEGESDPKNPKGCPRNCDPRIAYSKCPRSQGETLIYPTGCTTCCTGYKGCYYFGKDGKFLCEGESTEPKACTLECDPRVAYMTCPSTGLAKIKDVCVNCCTAGEGCKLYGHNGSLLCTGESQSISTA,21279.29154,6.053,2.3,-11.1,-19.9
D2CGT8,MAVPKEVSFLASLLVLGILLLHVDAKACSQRNAKEPICTNCCAGRKGCNYYSADGTFICEGESDPNNPKPCTLNCDPRIFYSKCPRSEASAEQPICTNSSAGLKGCNYYNADGTFICEGESDPNHPKACPKNCDPNIAYSLCLYEK,15787.92354,5.336,-0.1,-8.4,-13.9
D2CGT9,MAVPKEVSFLAFLLVLEILLLHVDAKACSEENAENRLCTNCCAGRKGCNYYSADGTFICEGESDPNNPKACPRNCDPNIAYSLCLYEK,9683.07784,4.416,-2.8,-7.8,-11.1
A0A097J9C1,EILLLHVDAKACSEENAENRICTNCCAGRKGCNYYSADGTFICEGESDPNNPKACPRYCDTRIAYSKCPRSEGNAENRICTNCCAGRKGCNYYSADGTFICEGESDPNNPKACPRYCDTRIAYSKCPRSEGNAENRLCTNCCAGRKGCNYYSADGTFICEGESDPNNPKACPRNCDPNIAYSLCLYEK,20637.91054,5.137,-0.3,-12.5,-21.3
T1PZ76,MAVPKEVSFLAFLLVLEILLLHVDAKACSEENAENRICTNCCAGRKGCNYYSADGTFICEGESDPNNPKACPRYCDTRIAYSKCPRSEGNAENRICTNCCAGRKGCNYYSADGTFICEGESGPNNPKACPRNCDTRIAYSKCPRSEGNAENRLCTNCCAGRKGCNYYSADGTFICEGESDPNNPKACPRNCDPNIAYSLCLHEK,22263.99004,5.818,1.4,-11.5,-20.4
A0A1U8HFR9,MAFCKVGILSLLLLSGIFLLGIEVEYGNAQKMCLQVCDPEVAYMTCPSSGDEKMSDVCVNCCTAAVGCKLFRSDGSFICTGTPE,8927.50554,4.002,-3.6,-7.8,-11.0
A0A2G3A0T9,MAAHKEVSFLTYLLVLGLMFLLVSASTKHDHDDDDDHDHDHDHDDDDDDHNPKPPKSCTKECGNFAYGICPRSEGSPKNPICTTCCAGYKGCYYYDANGKLICEGQSDPRKPNKHCSRNCDPKIAYSKCPGRSEGKTIIKPTGCTTCCTGYKGCYYYGKDDKFVCEGESIEPRVCTQECDPRVAYMTCPSTGSTKHTRICVNCCTAKPGCKLYDRNGSQLCTGDPKNH,25213.27184,6.154,4.4,-13.2,-22.4
T1PZK4,MAVPKEVSFLAFVLVLGILLLHVDAKACSEENAENRICTNCCAGRKGCNYYSADGTFICEGESDPNNSKPCTLNCDPRIFYSKCPRSEGNAENRICTNCCAGRKGCYYYSDDGTFICEGESDPNNPKPCPRNCDTRIAYSICPRSEGNAENRICTNCCAGRNFCNYYSADGTFICEGESDPNNPKACPRNCDPNIAYSLCLYEK,22442.12774,4.616,-3.3,-15.5,-24.2
T1PZB1,MAVPKEVSFLAFLLVLEILLLHVDAKACSEENAENRICTNCCAGRKGCNYYSADGTFICEGESDPNNPKACPRYCDTRIAYSKCPRSEGNAENRICTNCCAGRKGCNYYSADGTFICEGESDPNNPKACPRNCDTRIAYSKCPRSGGNAENRLCTNCCAGRKGCNYYSADGTFICEGESDPNNPKACPRNCDPNIAYSLCLYEK,22275.99804,5.554,0.7,-11.5,-20.4
D2CGT4,MAVPKEVSFLAFLLVLEILLLHVDAKACSEENAENRICTNCCAGRKGCNYYSADGTFICEGESDPNNPKACPRNCDTRIAYSKCPRSEGNAENRLCTNCCAGRKGCNYYSADGTFICEGESDPNNPKACPRNCDPNIAYSLCLYEK,15991.03364,4.819,-1.5,-10.2,-16.2
A0A097J9D5,FLHHVDGKACTRECGNLGYGICPRSEGSAEEPICTNCCAGYKGCKYYSADGTFICEGESDPKNPKGCPRNCDPRIAYSKCPRSQGETLIYPTGCTTCCTGYKGCYYFGKDGKFLCEGESTEPKACTLECDPRVAYMTCPSTGLAKIKDVCVNCCTAGEGCKLYGHNGSLLCTGESQSISTA,19307.86004,5.933,1.7,-11.1,-19.8
T1PZ63,MAVPKEVSFLASLLVLGILLLHVDAKACSQRNAKEPICTNCCAGRKGCNYYSADGTFICEGESDPNNPKPCTLNCDPRIFYSKCPRSEASAEQPICTNCCAGLKGCNYYNADGTFICEGESDPNHPKACPKNCDPNIAYSLCLYEK,15820.04474,5.325,-0.2,-9.2,-15.4
T1PZ75,MAVPKEVSFLAFVLVLGILLLHVDAKACSEENAENRICTNCCAGRKGCNYYSADGTFICEGESDPNNPKPCTLNCDPRIFYSKCPRSEGNAENRICTNCCAGRKGCYYYSDDGTFICEGESGPNNPKPCPRNCDTRIAYSICPRSEGNAENRICTNCCAGRKGCNYYSADGTFICEGESDPNNPKACPRNCDPNIAYSLCLYEK,22318.07514,4.913,-1.3,-13.5,-22.3
A0A2G2ZB86,MERVEGKICPQICFDAAAYMMCPSSGTQKLAPTCNCCLAPQGCSLYYADRTLICTST,6160.21734,5.602,0.1,-3.4,-6.1
T1PZF7,MAVPKEVSFLAFVLVLGILLLHVDAKACSEENAENRICTNCCAGRKGCNYYSADGTFICEGESDPNNPKPCTLNCDPRIFYSKCPRSEGNAENRICTNCCAGRKGCYYYCDDGTFICEGESDPNNPKPCPRNCDTRIAYSICPRSEGNAENRICTNCCAGRKGCNYYSADGTFICEGESDPNNPKACPRNCDPNIAHSLCLYEK,22366.13754,4.902,-1.7,-14.9,-24.0
T1PZK7,MAVPKEVSFLAFLLVLEILLLHVDAKACSEENAENRICTNCCAGRKGCNYYSADGTFICEGESDPNNPKACPRYCDTRIAYSKCPRSEGNAENRICTNCCAGRKGCNYFSADGTFICEGESDPNNPKACPRNCDTRIAYSKCPRSEGNAENRLCTNCCAGRKGCNYYSADGTFICEGESDPNNPKACPRNCDPNIAYSLCLYEK,22332.06224,5.183,-0.2,-12.5,-21.4
T1PZB0,MAVPREVSFLAFVLVLGILLLHVDAKACSEENAENRICTNCCAGRKGCNYYSADGTFICEGESDPNNPKPCTLNCDPRIAYSKCPRSEGNAGNRICTNCCAGRKGCNYYSADGTFICEGESDPNNPKACPRNCDPNIAYSLCLYEK,15843.90284,5.024,-0.7,-9.1,-15.2
T1PZB3,MAVPKEVSFLAFLLVLEILLLHVDAKACSEENAENRICTNCCAGRKGCNYYSADGTFICEGESDPNNPKACPRYCDTRIAYSKCPRSEGNAENRICTNCCAGRKGCNYYSADGTFICEGESDPNNPKACPRNCDTRIAYSKCPRSEGNAENRLCTNCCAGRKGCNYYSADGTFICEGESDPNNPKACPRNCDPNIAYSLCLYQK,22347.07684,5.554,0.7,-11.5,-20.4
T1PZK2,MAVPKEVSFLAFLLVLEILLLHVDAKACSEENAENRICTNCCAGRKGCNYYSADGTFICEGESDPNNPKTCPRYCDTRIAYSKCPRSEGNAENRICTNCCAGRKGCNYYSADGTFICEGESDPNNPKACPRNCDTRIAYSKCPRSEGNAENRLCTNCCAGRKGCNYHSADGTFICEGESDPNTPKACPRNCDPNIAHSLCLYEK,22313.01944,5.661,1.0,-12.5,-21.4
D2CGQ2,MAVPKEVSFLAFLLVLEILLLHVDAKACSEENAENRICTNCCAGRKGCNYYSADGTFICEGESDPNNPKACPRYCDTRIAYSKCPRSEGNAENRLCTNCCAGRKGCNYYSADGTFICEGESDPNNPKACPRNCDPNIAYSLCLYEK,16040.10584,4.815,-1.5,-10.2,-16.2
Q9M514,KGNAENRICTNCCAGRKGCNYFSDIGTFICEGESHPNNPKACPRNCDTRIAYSKMSTFRRKTQKIAYAPIAVQAVRVATNYSADGTFICEGESDPNNPKACPRNCDQILPIHCVSMKNKSMNSVMLISVICLGVYL,14936.20124,7.958,8.5,1.9,-2.6
A0A1U8G7B9,MAVHKEVSFLAFLLVLEILLLHVDAKACSEENAENRICTNCCAGRKGCNYYSADGTFICEGESDPNNPKACPRYCDTRIAYSKCPRSEGNAENRICTNCCAGRKGCNYYSADGTFICEGESDPNNPKACPRNCDTRIAYSKCPRSEGNAENRLCTNCCAGRKGCNYYSADGTFICEGESDPNNPKACPRNCDPNIAYSLCLYEK,22388.08604,5.434,0.4,-12.5,-21.4
A0A097J9D3,LLVLEILLLHVDAKACSEENAENRICTNCCAGRKGCNYYSADGTFICEGESDPNNPKACPRYCDTRIAYSKCPRSEGNAENRLCTNCCAGRKGCNYYSADGTFICEGESDPNNPKACPRNCDTRIAYSKCPRSEENAENRLCTNCCAGRKGCNYYSADGTFICEGESDPNNPKACPRNCDPNIAYSLCLYEK,21099.51274,4.937,-1.2,-13.5,-22.3
T1PZK0,MAVPKEVSFLAFLLVLEILLLHVDAKACSEENAENRICTNCCAGRKGCNYYSADGTFICEGESDPNNPKACPRYCDTRIAYSKCPRSEGNAENRICTNCCAGRKGCNYYSADGTFICEGESDPNNPKACPRYCDTRIAYSKCPRSEGNAENRLCTNCCAGRKGCNYYSADGTFICEGESDPNHPKACPRNCDPNIAYSLCLYEK,22420.17114,5.432,0.4,-12.5,-21.4
T1PZF6,MAVPKEVSFLASLLVLGILLLHVDAKACSQRNAKEPICTNCCAGRKGCNYYSADGTFICEGESDPNNPKPCTLNCDPRIFYSKCPRSEGNAENRICTNCCAGRKGCNYYSADGTFICEGESDPNNPKPCPRNCDTRIAYSKCPCSEGNAENRICTNCCAGRKGCNYYSAGGTFICEGESDPNNPKPCTLNCDPRIFYSKCPRSEASAEQPICTNCCAGLKGCNYYNADGTFICEGESDPNHPKACPKNCDPNIAYSLCLYEK,28410.01644,5.784,1.4,-15.3,-27.4
A0A328DK31,MGKNVDAQAAGCPRNCDPDAAYIKCPPNPKKTEAGCTNCCVSTSRGCRLYYSNNTRLC,6232.08974,7.673,4.1,0.6,-2.3
A0A059PYZ4,MASSTFFFPNIAGLMVIGCSIQTTEAWAWRARARFCPMYCLDFEYMTCNSTGTKQLPGVCNCCLAAQKGCTIHLRNGGVQKCP,9122.70864,7.588,4.7,0.2,-2.9
D2CGU0,MAVPKEVSFLAFLLVLEILLLHVDAKACSEENAENRICTNCCAGRKGCNYYSADGTFICEGESDPNNPKACPKNCDPNIAYSLCLYEK,9655.06444,4.416,-2.8,-7.8,-11.2
A0A2G3A0U2,MAVHKEVSFLAFLLVLGILLLHVDAKACSEENAENRICTNCCAGRKGCNYYSADGTFICEGESDPNNPKACPRYCDTRIAYSKXKACSEENAENRICTNCCAGRKGCNYYSADRTFICEGESDPNNPKACPRNCDTRIAYSKCPRSEGNAENRLCTNCCAGRKGCNYYSADGTFICEGESDPNNPKACPRNCDPNIAYSLCLYEK,22552.05634,5.821,1.4,-11.5,-20.5
T1PZ88,MAVPKEVSFLAFVLVLGILLLHVDAKACSEENAENRICTNCCAGRKGCNYYSADGTFICEGESDPNNPKPCTLNCDTRIAYSICPRSEGNAENRICTNCCAGRKGCNYYSADGTFICEGESDPNSPKACPRNCDPNIAYSLCLYEK,15849.90114,4.593,-2.6,-11.1,-17.2
A0A1U8HFS2,MAFCKVGILSLLLVSGIFLLGIEVEFGNAQKMCIQVCDPEVASMTCPSSGDEKINDVCVNCCTAAVGCKLFRSDGSLICTGTLE,8812.39944,4.015,-3.6,-7.8,-11.0
A0A2G3AT15,MTGEAPHFQPPLPMLLLSSLVPSFSLFLSQIRIPPRPIHPRNNSPPLQLLAGEFDPKEGPKACPANCDRRIAYSKCPRSQGRRIHYPTGCTNCCTGYKGCYYFGEDGKFVCKGESPEPKICPAICDLTAAYMTCPSSGSIKIKFERNRDGVIGFVDSDFAGDHDKRSQCVIFLTKDQIFHERTKHIDVLYHFVRKIITRGDIVVTKISTHDNPADMITKTLPSAKFEHCLDLISVQNSESAKNASNQRSLDLWNRETKLESPELLPRLLKFALTVALQERVIRLGILLLHVDAKACSEENAENRICTNCCAGRKGCRYYSADGTFICNGESDPNNPKPCTLNCDPRIFYSKCLYEEPKSISAA,40569.62634,7.637,14.6,-2.4,-11.2
A0A2G2ZAL9,MQASSFHQGRHGLSLQGSIIRHYGYAIVDSIFFVMDLSLEGIFLLGIEVEYGNAQKMCLQVCDPEVAYMTCPSSGDEKMSDVCVNCCTAAVGCKLFRSDGSFICTGTPE,11831.57224,4.342,-3.7,-9.3,-12.2
Q4ZIQ4,MAVPKEVSFLASLLVLGILLLHVDAKACSQRNAKEPICTNCCAGRKGCNYYSADGTFICEGESDPNNPKPCTLNCDPRIFYSKCPRSEGNAENRICTNCCAGRKGCNYYSADGTFICEGESDPNNPKPCPRNCDTRIAYSKCPRSEGNAENRICTNCCAGRKGCNYYSADGTFICEGESDPNNPKACTLNCDPRIFYSKCPRSEASAEQPICTNCCAGLKGCNYYNADGTFICEGESDPNHPKACPKNCDPNIAYSLCLYEK,28495.06394,5.793,1.4,-14.9,-26.7
T1PZB2,MAVPKEVSFLAFVLVLGILLLHVDAKACSEENAENRICTNCCAGRKGCNYYSADGTFICEGESDPNNPKPCTLNCDPRIFYSKCPRSEGNAENRICTNCCAGRKGCNYYSADGTFICEGESDPNNPKACPRNCDTRIAYSKCPRSEGNAENRLCTNCCAGRKGCNYYSADGTFICEGESDPNNPKACPRNCDPNIAYSLCLYEK,22272.00664,5.161,-0.3,-12.5,-21.4
Q4U5Z5,MAVPKEVSFLAFLLVLEILLLHVDAKACSQRNAKEPICTNCCAGRKGCNYYSADGTFICEGESDPNNPKPCTLNCDPRIFYSKCPRSEGNAENRICTNCCAGRKGCNYYSADGTFICEGESDPNNPKPCPRNCDTRIAYSKCPRSEGNAENRICTNCCAGRKGCNYYSADGTFICEGESDPNNPKPCTLNCDPRIFYSKCPRSEASAEQPICTNCCAGLKGCNYYNADGTFICEGESDPNHPKACPKNCDPNIAYSLCLYEK,28653.26384,5.45,0.5,-15.9,-27.7
Q4ZIQ2,MAVPKEVSFLASLLVLGILLLHVDAKACSQRNAKEPICTNCCAGRKGCNYYSADGTFICEGESDPNNPKPCTLNCDPRIFYSKCPRSEGNAENRICTNCCAGRKGCNYYSADGTFICEGESDPNNPKPCPRNCDTRIAYSKCPRSEGNAENRICTNCCAGRKGCNYYSADGTFICEGESDPNNPKPCTLNCDPRIFYSKCPRSEASAERPICTNCCAGLKGCNYYNADGTFICEGESDPNHPKACPKNCDPNIAYSLCLYEK,28549.15864,6.163,2.4,-13.9,-25.7
A0A1U8GZH1,MFYVGNDSLLLVSNVRHADAKANTEDAKVILIEYALTIMEEKRCRYFSAGGTFIFKGESEYVRHHCRTGKKGCNYFSVDGTFICEEESEYVIEGENNLQKSKVDVS,12045.55264,5.17,-1.3,-5.8,-7.7
A0A1U8FXN6,MAVHKEVSFLGYLLVLGIFLHHVDGKACTRECGNLGYGICPRSEGSAEEPICTNCCAGYKGCKYYSADGTFICEGESDPKNPKGCPRNCDPRIAYSKCPRSQGETLIYPTGCTTCCTGYKGCYYFGKDGKFLCEGESTEPKACTLECDPRVAYMTCPSTGLAKIKDVCVNCCTAGEGCKLYGHNGSLLCTGESQSISTA,21279.29154,6.053,2.3,-11.1,-19.9
T1PZF5,MAVPKEVSFLAFVLVLEILLLHVDAKACSEENAENRICTNCCAGRKGCNYYSADGTFICEGESDPNNPKACPRYCDTRIAYSKCPRSEGNAENRICTNCCAGRKGCNYYSADGTFICEGESDPNNPKACPRNCDTRIAYSKCPRSEGNAENRICTNCCAGRKGCNYYSADGTFICEGESDPNNPKACPRNCDPNIAYSLCLYEK,22334.03484,5.18,-0.2,-12.5,-21.4
D2CGT7,MAVPKEVSFLAFLLVLEILLLHVDAKACSEGNAENRLCTNCCAGRKGCNYYSADGTFICEGESDPNNPKACPRNCDTRIAYSKCPRSEGNAENRLCTNCCAGRKGCNYYSADGTFICEGESDPNNPKACPRNCDPNIAYSLCLYEK,15918.97004,5.056,-0.6,-9.2,-15.2
T1PZB7,MAVPKEVSFLAFVLVLEILLVHVDAKACSEENAENGICTNCCAGRKGCNYYSADGTFICEGESDPNNPKACPRYCDTRIAYSKCPRSEGGAENRLCTNCCAGRKGCNYYSADGTFICEGESDPNNPKACPRNCDTRIAYSKCPRSEGNAENRLCTNCCAGRKGCNYYSADGTFICEGESDPNNPKACPRNCDPNIAYSLCLYEK,22163.82054,4.937,-1.2,-13.5,-22.4
T1PZE8,MAVPKEVSFPAFLLVLEILLLHVDAKACSEENAENRICTNCCAGRKGCNYYSADGTFICEGESDPNNPKACPRYCDTRIAYSKCPRSEGNAENRLCTNCCAGRKGCNYYSADGTFICEGESDPNNPKACPRNCDPNIAYSLCLYEK,16024.06314,4.815,-1.5,-10.2,-16.2
A0A2G2XU31,MAVHKEVSFLGNLLVLGIFLHHVDGKACTRECGNLGYGICPRSEGSAEEPICTNCCAGYKGCKYYSADGTFICEGESDPKNPKGCPRNCDPRIAYSKCPRSQGETLIYPTGCTTCCTGYKGCYYFGKDGKFVCEGESTEPKACTLECDPRVAYMTCPSTGLAKIKDVCVNCCTAGEGCKLYGHNGSLLCTGESQSISTA,21216.19254,6.055,2.3,-11.1,-19.9
A0A1U8H7N7,MASSKVGVLTLLLLCVLLVGSNYVESADAKICPQFCEPNIGYMTCPSTGHKKLYPKCINCCKAGKGCKLYRKNGSLRCTGT,8693.40584,8.269,8.7,4.1,0.6
D2CGT3,MAVPKEVSFLASLLVLGILLLHVDAKACSQRNAKEPICTNCCAGRKGCNYYSADGTFICEGESDPNNPKPCTLNCDPRIFYSKCPRSEGNAENRLCTNCCAGRKGCNYYSADGTFICEGESDPNNPKACPRNCDPNIAYSLCLYEK,15899.06594,6.157,1.3,-7.2,-13.3
A0A1U8FAF4,MATHRVVFLALFLLSGILLLGSTVESAADKGCSRNCDTEVDYMVCPSGGETITRNVCTNCCSAQKSCKLFRSDGSVKCSGRS,8701.02164,7.408,2.8,-1.4,-4.3
D2CH22,MAVPKEVSFLAFLLVLEENAENRLCTNCCAGRKGCNYYSADGTFICEGESDPNNPKACPRNCDTRIAYSKCPRSEGNAENRLCTNCCAGRKGCNYYSADGTFICEGESDPNNPKACPRNCDPNIAYSLCLYEK,14597.36954,4.792,-1.2,-8.7,-14.4
D2CGT6,MAVPKEVSFLAFLLVLEILLLHVDAKACSEENAENRICTNCCAGRKGCNYYSADGTFICEGESDPNNPKACPRYCDTRIAYSKCPRSEGNAENRLCTNCCAGRKGCNYYSADGTFICEGESDPNNPKACPRNCDTRIAYSLCLYEK,16086.17794,5.083,-0.5,-9.2,-15.2
T1PZB5,MAVPKEVSFLAFVLVLGILLLHVDAKACSEENAENRICTNCCAGRKGCNYYSADGTFICEGESDPNNPKPCPRNCDTRIAYSICPRSEGNAENRICTNCCAGRKGCNYYSADGTFICEGESDPNNPKACPRYCDTRIAYSKCPRSEGNAENRICTNCCAGRKGCNYYSADGTFICEGESDPNNPKACPRNCDPNIAYSLCLYEK,22272.99444,5.159,-0.3,-12.5,-21.3
T1PZ85,MAVPKEVSFLAFVLVLGILLLHVDAKACSEENAENRICANWCAGRKGCYYYSDDGTFICEGESDPNNPKPCPRNCDTRIAYSICPRSEGNAENRICTNCCAGRKGCNYYSADGTFICEGESDPNNPKACPRYCDTRIAYSKCPRSEGNAENRICTNCCAGRKGCNYYSADGTFICEGESDPNNPKACPRNCDTRIAYSKCPRSEGNAENRLCTNCCAGRKGCNYYSADGTFICEGESDPNNPKACPRNCDPNIAYSLCLYEK,28727.08034,5.244,0.1,-15.4,-26.7
A0A2G2ZAE0,MAFCKVGILSLLLVSGIFLLGIEVEFGNAQKMCIQVCDPEVASMTCPSSGDEKINDVCVNCCTAAVGCKLFRSDGSLICTGTLE,8812.39944,4.015,-3.6,-7.8,-11.0
T1PZF0,MAVPKEVSFLAFVLVLGILLLHVDAKACSEENAENRICTNCCAGRKGCNYYSADGTFICEGESDPNNPKACPRYCDTRIAYSKCPRSEGNAENRICTNCCAGRKGCNYYSADGTFICEGESDPNNPKACPRNCDTRIAYSKCPRSEGNAENRLCTNCCAGRKGCNYYSADGTFICEGESDPNNPKACPRNCDPNIAYSLCLYEK,22261.97124,5.554,0.7,-11.5,-20.4
A0A097J9D1,LLVLGILLLHVDAKACSQRNAKEPICTNCCAGRKGCNYYSADGTFICEGESDPNNPKPCTLNCDPNIAYSLCLYEK,8258.48664,5.339,-0.1,-4.8,-8.1
A0A1U8GFH5,MAVPKEVSFPACLLVLGMFVIANAVELGDDIKVCTMECGNFAYGICPRSEGSPICTNCCSGYKGCNYYSANGTFICEGRSDPRKTNICTQHCDPRVAYSKCPRSGRNTIIKHTGCTTCCTGYKGCYYFGHDGKFVCEGQSSEPRACTLECDPKVAYMTCPSSGSTKLTRICVNCCTARVQGCKLYGHDEFLLCTGDPRNYLSFTR,22362.69944,7.178,8.0,-5.5,-14.4
T1PZ65,MAVPKEVSFLAFVLVLGILLLHVDAKACSEENAENRICTNCCAGRKGCNYYSADGTFICEGESDPNNPKPCTLNCDPRIFYSKCPRSEGNAENRICTNCCAGRKGCYYYSDDGTFICEGESDPNNPKPCPRNCDTRIAYSICPHSEGNAENRICTNCCAGRKGCNYYSADGTFICEGESDPNNPKACPRNCDPNIAYSLCLYEK,22357.06544,4.739,-2.7,-15.5,-24.3
T1PZ78,MAVPKEVSFLAFVLVLGILLLHVDAKACSEENAENRICTNCCAGRKGCNYYSADGTFICEGESDPNNPKPCTLNCDPRIFYSKCPRSEGNAENRICTNCCAGRKGCYYYSDDGTFICEGESDPNNPKACPRNCDTRIAYSKCPRSEGNAENRLCTNCCAGRKGCNYYSADGTFICEGESDPNNPKACPRNCDPNIAYSLCLYEK,22365.08864,4.925,-1.3,-13.5,-22.4
Q4U5Z3,MAVPKEVSFLAFLLVLEILLLHVDAKACSEENAENRICTNCCAGRKGCNYYSADGTFICEGESDPNNPKACPRYCDTRIAYSKCPRSEGNAENRICTNCCAGRKGCNYYSADGTFICEGESDPNNPKACPRYCDTRIAYSKCPRSEGNAENRLCPNCCAGRKGCNYYSADGTFICEGESDPNNPKACPRNCDPNYCYLLPIHCVSMKSKSMETNFFGNSH,24228.24864,5.976,1.9,-11.9,-21.2
T1PZF9,MAVPKEVSFLASLLVLGILLLHVDAKACSQRNAKEPICTNCCAGRKGCNYYSADGTFICEGESDPNNPKPCTLNCDPRIFYSKCPRSEGNAENRICTNCCAGRKGCNYYSADGTFICEGESDPNHPKACPRNCDPRIFYSKCPRSEGNAENRICTNCCAGRKGCNYYSADGTFICEGESDPNNPKACPRNCDPNIAYSLCLYEK,22302.16844,6.558,3.1,-9.5,-18.5
T1PZJ5,MAVPKEVSFLASLLVLGILLLHVDAKACSQRNAKEPICTNCCTGRKGCNYYSADGTFICEGESDPNNPKPCTLNCDPRIFYSKCPRSEGNAENRICTNCCAGRKGCNYYSADGTFICEGESDPNNPKACPRNCDPNIAYSLCLYEK,15929.09224,6.157,1.3,-7.2,-13.3
Q4ZIQ6,MAVPKEVSFLASYLFLEILLLHVDAKACSEETQKNRICTNCCAGRKGCNYYSADGTFICEGESDPNNPKACPRYCDTRIAYSKCPRSEGNAENRICTNCCAGRKGCNYYSADGTFICEGESDPNNPKACPRYCDTRIAYSKCPRSEGNAENRLCTNCCAGRKGCNYYSADGTFICEGESDPNNPKACPRNCDPNIAYSLCLYEK,22478.20784,6.096,1.7,-10.5,-19.5
T1PZ64,MAVPKEVSFLAFLLVLEILLLHVDAKACSEENAENRICTNCCAGRKGCNYYSADGTFICEGESDPNNPKACPRYCDTRIAYSKCPRSEGNAENRICTNCCAGRKGCNYYSADGTFICEGESDPNNPKACPRNCDTRIAYSKCPRSEGNAENRLCTNCCAGRKGCNYYSADGTFICEGESDPNNPKACPRNCDPNIAYSKCPRSEGNAENRLCTNCCAGRKGCNYYSADGTFICEGESDPNNPKACPRNCDPNIAYSLCAYEK,28567.86474,5.251,0.1,-15.9,-27.5
T1PZ84,MAVPKEVSFLAFVLVLGILLLHVDAKACSEENAENRICTNCCAGRKGCNYYSADGTLICEGESDPNNPKPCTPNCDPRIFYSKCPRSEGNVENRICTNCCAGRKGCNYYSADGTFICEGESDPNNPKACPRNCDPNIAYSLCLYEK,15942.04474,4.784,-1.6,-10.2,-16.2
A0A6V7QV76,MNLTKIRTWDLGYQPSSPLLFALETVGLIIFGFAIERVDSILTGQRRPCNMMCVQGAYMTCESTGPTVRTMMVILVASSDRVPNGGIGCRRRISPGRPIIHLDPSSVMPNTPFNIQVSFFAPVFTSLTGCAMFGMIQSSEAKICPLFCMRAKYMTCRSSGHKKLRPACNCCLVEGKGCIIHLLDSHKLECKN,21159.09684,8.324,12.8,4.5,-0.3
A0A1E5VFG3,MATSRVHITCALLLIGLVLLGQQGQEGMEGAVACPQYCLEVDYVTCPSSGAEKLPARCNCCMTPKGCTLHLSDGTRQTC,8347.76274,5.791,0.4,-4.7,-7.9
A0A4S8KA31,MSSTKLSLAILLLLSGTVMLGWIQYCAEAKVCPLFCVQAEYMTCNSTAGERLNPVCNCCFAPEGGCTIYLSNGAIGTVVTVAEILKNNGLATEKKIQTSTVGTKDEAKGRLVRKAKIEILLGKTENFNHLVSTNKVVRQATEAEE,15590.17144,7.446,3.4,-1.5,-4.9
Q1WL51,MAVHRVSFLALLLSFGMSLLVSNVEHAKACTRECDTRIAYGVCPRLEEKKNNRLCTNCCSGTKGCNYFSADGTFVCEGESDPRNPKGCTFECDPRIAYGICPRSEEKKNNRLCTNCCAGKKGCNYFSSNGTFICEGESEYASKAVEYVGEVEDDLQKSKVAVS,17880.25974,6.395,2.3,-6.8,-12.8
A0A6V7QS27,MNLTKIRTLNLEYQSPSLLLLALETVLSIVFGFAIERGDSIPTGQRRPCNMMCVQGAYMTCESTGPTVRTMMVILVASSDRVPNGGIGCRRRISPGRPIIHLDPSSVMPNTPFNIQVQDLPLFCVRAKYMTCRSSGHKKVRPVCNCCLVEGKGCIIHLLDSHKLECKN,18578.98894,8.399,11.8,4.4,0.3
J3LSK1,MASIKPALPMALLLCGSCIFLFLELISIALGLSRKMMLILFSEISPGLVLIGSLQSTEAQGGGKICPQFCYDGIEYMTCPSTGSQRLKPVCNCCLADENGCAIYLNNGQVVNCP,12126.47014,4.692,-0.7,-5.2,-8.8
Q9SDW8,MAVHRASFRALLLLFGISLLVSTVEHADAKACPRNCDRRIAYGICPRSEEKNNDRICTNCCAGMKGCNYFSADGTFVCEGESGPKNPKACPRNCDGRIAYGVCPRKEEKKNNWICTNCCAGMKGCNYFSADGTFVCEGESGPKNPKACPRNCDGRIAYGVCPRKEEKKNNWICTNCCAGMKGCNYFSADGTFVCEGESGPKNPKACPRNCDGRIAYGVCPRKEEKKNNWICTNCCAGTKGCNYFSADGTFVCEGESDPRNPKACPRNCDPRISDEICPRSEEKNNNQICTNCCAGTKGCNYFSADGTFVCEGEYDPKNPKACPRNCDPRISYGVCPRSEEKNNNQICTNCCAGTKGCNYFSADGTFVCEGEYDPKNPKACPRNCDGRIDYGVCPRSEEKKNNQICTNCCAGTKGCNYFSADGTFVCEGESDPRNPKACPLNCDGRIAYEICPRTEEKKTNQICTNCCAGTKGCNYFNANGTFICEGESEYVNKVENDLEKSKVAVF,55352.34604,6.918,11.0,-20.2,-43.4
A0A4D8Z9A4,MAAKTTIKVCFWALFLIVASNVECGNVKACPLYCIIDAGYMTCPSSGVEKLDPVCNCCLAAPGCKLYRADGTLICTAS,8215.81004,6.739,1.1,-3.2,-6.8
A0A1E5UNA0,MKQTPLAVAVLDLNSLRLESEGHDDRQDPHHLRSPSDWRFAAGAAGAGGRGGRRPLPPGVVLLGQEQTMGTEAVVCPLYCLQVDYVTCPSSGSEKLPARCNCCLAPKGCTLHLSDGRQQNCSS,13084.83984,6.768,2.8,-3.3,-6.2
A0A1E5W186,MATVKLALPVALLLCGLVVMGYSMQSAEAKPGREIIRERKLQNMATIKLGLPVALLLCVMVIDYSIQSTEAKDDGRGACIMNCLNATYMTCPPKRTERLQPACSCCLAQKRGCIIHLSNGVVEKCR,13715.52064,8.177,8.0,2.7,-1.1
A0A1E5UMZ8,MATTKIQITCALLLIGLVLLGQEGMESAVAACPQFCLDVAYVTCPSSGSEQLPARCNCCMTPAGCTLHLSDGTQQTC,7983.35224,4.107,-2.2,-6.7,-9.8
A0A6P5WVU9,MADARKVGILVLFLLYAVLSSSANVEAKVCPFYCLDVVYMTCKASSDEKLKAECNCCLAPKDCTLHLSDGSSVDCN,8185.57234,4.673,-1.1,-5.4,-8.4
Q1WL44,MAVHRVSFLALLLLLGMSLLVSNVEHADAKACPLNCDPRIAYGVCPRSEEKKNDRICTNCCAGTKGCKYFSDDGTFVCEGESDPRNPKACPRNCDPRIAYGICPLSEEKKNDRICTNCCAGTKGCKYFSDDGTFVCEGESDPRNPKACPRNCDPRIAYGICPLSEEKKNDRICTNCCAGKKGCKYFSNDGTFVCEGESDPRNPKACTLNCDPRIAYGICPLSEEKKNDRICTNCCAGKKGCKYFSDDGTFVCEGESDPRNPKACTLNCDPRIAYGICPLSEEKKNDRICTNCCAGKKGCKYFSDDGTFVCEGESDPRNPKACPRNCDGRIAYGICPLSEEKKNDRICTNCCAGKKGCKYFSDDGTFICEGESEYASKVDEYVREVENDLQKSKVAVS,43559.38054,6.182,3.6,-20.5,-38.4
A0A1U7XBN8,MGLLLYQDNFMAIHRVAFLAILLLSGAILLGNKVKCADGKACTRNCDPDVAYMVCPSTRQKITKPCVNCCSARKGCKLFRSNGSVKCTGT,9717.61774,8.722,9.6,5.1,1.7
A0A2G3AT01,MAASKKTKDEQYQTTNEDSNESIQPKIQRKQQTNTAAKKFGAPPRTPYGGALPPVPPSELTAEFDPRSRCLLQNLQSTDMDRTSSXVTTCEIIWLRWLLADMGVHISMPTPLHCDNKSVVQIAKNSVFHERTKHIEIDCHFTRHHLQLGTISLPFVPSSLQIADLFTKAQSASRFRFLCDKLSMLIAVAFSINSKYYRADGTFICEGESDPKNPKGCPRNCDPRIAYSKCPRSQGETLIYPTGCTTCCTGYKGCYYFGKDGKFVCEGESTEPKACTLECDPRVAYMTCPSTGLAKIKDVCVNCCTAGEGCKLYGHNGSLLCTGESQSISTA,36513.40714,7.437,11.1,-4.4,-13.1
Q6NQ47,MVTSRFGPSRPEGDITMVTYKIWVMSFIIAGAILGGIIPGVTTTKTAIACPLYCLQVEYMTCPSSGADKLPPRCNCCLAPKNCTLHLSDSTTIHCSK,10399.30554,7.5,4.3,-0.4,-3.4
A0A2G3C896,MNFPKSMTSTLGTFSDPRSFSISLLFSLGASIVFAISIISTDSGCRGGSTTFVRKGTLALESCNVATAADDEKSCPRDCISDAAYMVCPTHHGRHKLIESYCDNCCTLPGNCKLFKENGDLICTGTDY,13711.57394,5.655,0.2,-6.2,-9.9
W9RZD9,MANLHVCCNSLILNPALPPQSYNKLRPGNPKRSTEQQRRRTTTVFVSKSGATAFVGLQSANYVKAQKICPQYCLDVEYMTCGSSCERLEPKCNCCLAPEGCTLHLADGTSEYCGNTT,12797.64694,7.479,5.6,-0.6,-4.7
A0A2G3AW51,MAAHKEVSFLTYLLVLGLMFLLPPKPCTKECGNFAYGICPRSEGSPKNPICTTCCAGYKGCYYYDANGKLICEGQSDPRKPNKHCSRNCDSKIAYSKCPGRSEGKTIIKPTGCTTCCTGYKGCYYYGKDDKFVCEGESIEPRVCTQECDPRVAYMTCPSDGSTKHTRICENCCTAKPGCKLYDRNGSQLCTGDPKNH,21657.87994,7.447,11.1,-2.2,-11.3
A0A2G3AW63,MAVHKEVSFLAFLLVLGILLLHVDAKACSEENAENRICTNCCAGRKGCNYFSADGTFICEGESDPNNPKACPRYCDTRIAYSKCPRSEASAENRLCTNCCAGRKGCNYYSADGTFICEGESDPNNPKPCPRNCDPRIFYSKCPRSEGNAENRLCTNCCAGRKGCNYYSADGTFICEGESDPNNPKPCPRNCDPRIFYSKCPRSEGNAENFLCTNCCAGRKGCNYYSADGTFICEGESDPNNPKPCPRNCDPNIAYSLCLYEK,28808.30174,5.808,1.6,-14.9,-26.5
A0A2G3C875,MAIHRVVFLALLLLSVLLGSRVESAAAKACPRNCDTDIAYMVCPSSGERTIRKVCTNCCAAQKGCKLFRSNGSIKCTGT,8424.01034,8.482,7.7,3.6,0.6
A0A2G3AW67,MAVHKEVSFLAFLLVLGIFLLHADAKACTKECGNFAYGICPRSEGSAKEPICTNCCSGYKGCNYYSADGTFVCEGEFDPKEGPKACPANCDPRIAYSKCPRSQGRRIHYPTGCTNCCTGYKGCYYFGKDGKFVCEGESTEPKKCPAICIIDAYMTCPSSGSVKIKVHCGNCCTLREGCKLYRKDGSLICTGEPQISISAA,21574.90114,7.197,8.2,-5.2,-14.1
A0A2G3AW40,MAVPKEVSFPACLLVLGMFVIANAVELGDDIKVCTMECGNFAYGICPRSEGSPICTNCCSGYKGCNYYSANGTFICEGRSDPRKTNICTQHCDPRVAYSKCPRSGGNTIIKHTGCTTCCTGYKGCYYFGHDGKFVCEGQSSEPRACTLECDPKVAYMTCPSSGSTKLTRICFNCCTARVQGCKLYGHDESLLCTGDPRNY,21646.80264,6.953,6.0,-7.5,-16.4
A0A1U7Y2F0,MAVHRVNFLAFLLLFGMSLLVNNVEHADAKACSFNCDPRIAYGVCPRSEEKKNNQICTNCCAGTKGCNYFSADGTFVCEGQFDPRNPKACPRNCDPRIAYGVCPRSKEKKDNQICTNCCAGTKGCNYFSADGTFVCEGEFDPRNPKACPRNCDPRIAYGVCPRSKEKKDNQICTNCCAGTKGCNYFSADGTFVCKGESDPRNPKACPRNCDPRIDYRVCPRSEEKDNQICTNCCAGMKGCNYFSADGTFVCKGESDPRNPKACPRNCDPRIAYGVCPRSEEKDNQICTNCCAGTKGCNYFSADGTFVCKGESDPRNPKACPRNCDPRIDYRVCPRSEEKNNQICTNCCAGTKGCNYFSADGTFVCEGESDPRNPKACPRNCDPRIDYRVCPYSEEKNNQICTNCCAGTKGCNYFSANGTFICNGESEYISKVDE,47792.76284,6.976,10.1,-16.7,-36.7
A0A2G3AT14,MAVPKEVSFLASLLVLGILLLHVDAKACSQRNAKEPICTNCCAGRKGCNYYSADGTFICEGESDPKNPKPCTLNCDPRIFYSKCPRSEGNAENRICTNCCAGRKGCNYYSADGTFICEGESDPKNPKACPRNCDPRIFYSKCPRSEGNTENRICTNCCAGRKGCNYYSADGTFICEGESDPNNPKPCTLNCDPRIFYSKCPRSEASAEQPICTNCCAGLKGCNYYNADGTFICEGESDPNHPKACPKNCDPNIAYSLCLYEK,28625.34024,6.466,3.4,-12.9,-24.8
A0A2G3C7I2,MAFCKVGILSLLLLSGIFLLGIEVEYGNAQKMCLQVCDPEVAYMTCPSSGDEKMSDVCVNCCTAAVGCKLFRSDGSFICTGTPE,8927.50554,4.002,-3.6,-7.8,-11.0
A0A2G3C8B9,MAISKIGILSLLLFSVVILLGISNMEKVEGKICPQICFDAAAYMMCPSSGTQKLAPTCNCCLAPQGCSLYYADRTLICTST,8629.36504,6.825,1.1,-2.4,-5.3
A0A287GT10,GFRTNHLKSQECVQSTDMATSRLHIACALLLIGVVLLGQNQEGMEAVACPQYCLEVDYVTCPSSEQQKLPARCNCCMAPKGCTLHLSDGISQTCS,10249.83124,5.566,0.1,-6.1,-9.7
A0A6P5WVF0,MADARKVGILVLFLLYVLSSSANVEAKVCPFYCLDVVYMTCKASSDEKLKAECNCCLAPKDCTLHLSDGSSVDCN,8114.49354,4.673,-1.1,-5.4,-8.4
A0A0D9VYN2,MASIKLALPVALLLCGFMLIGSIQITEAKDTKFCPQFCYEGIEYMTCPSTGSKHLRPVCNCCLASEKGCAIYLSSGQVVNCA,8785.46844,6.839,1.8,-2.8,-6.1
A0A0D9ZCR1,MASIKLALPMALLLCGLMVIGSIQSAEAQGGKFCPQFCYDGLEYMTCPSTGSQHLKPACNCCIAGEKGCVLYLNNGQVINCT,8637.23794,6.196,0.8,-3.8,-7.0
A0A0D9VYN1,MASIKFALPVALLLCGIMVIGCIQVTEAKICPQFCFDGIEYMTCPSTGDKHLKPACNCCIADEKGCAIYLNNGQVVNCT,8449.09524,5.206,-0.2,-5.2,-8.8
